model_type,clf,parameters,auc-roc,p_at_5,p_at_10,p_at_20
RF,"RandomForestClassifier(bootstrap=True, class_weight=None, criterion='gini',            max_depth=50, max_features='log2', max_leaf_nodes=None,            min_impurity_split=1e-07, min_samples_leaf=1,            min_samples_split=10, min_weight_fraction_leaf=0.0,            n_estimators=100, n_jobs=-1, oob_score=False,            random_state=None, verbose=0, warm_start=False)","{'max_depth': 5, 'max_features': 'sqrt', 'min_samples_split': 2, 'n_estimators': 10}",0.826649671,0.443733333,0.321066667,0.223466667
RF,"RandomForestClassifier(bootstrap=True, class_weight=None, criterion='gini',            max_depth=50, max_features='log2', max_leaf_nodes=None,            min_impurity_split=1e-07, min_samples_leaf=1,            min_samples_split=10, min_weight_fraction_leaf=0.0,            n_estimators=100, n_jobs=-1, oob_score=False,            random_state=None, verbose=0, warm_start=False)","{'max_depth': 5, 'max_features': 'sqrt', 'min_samples_split': 2, 'n_estimators': 100}",0.826458562,0.448533333,0.322133333,0.222133333
RF,"RandomForestClassifier(bootstrap=True, class_weight=None, criterion='gini',            max_depth=50, max_features='log2', max_leaf_nodes=None,            min_impurity_split=1e-07, min_samples_leaf=1,            min_samples_split=10, min_weight_fraction_leaf=0.0,            n_estimators=100, n_jobs=-1, oob_score=False,            random_state=None, verbose=0, warm_start=False)","{'max_depth': 5, 'max_features': 'sqrt', 'min_samples_split': 10, 'n_estimators': 10}",0.824554188,0.4464,0.323466667,0.221333333
RF,"RandomForestClassifier(bootstrap=True, class_weight=None, criterion='gini',            max_depth=50, max_features='log2', max_leaf_nodes=None,            min_impurity_split=1e-07, min_samples_leaf=1,            min_samples_split=10, min_weight_fraction_leaf=0.0,            n_estimators=100, n_jobs=-1, oob_score=False,            random_state=None, verbose=0, warm_start=False)","{'max_depth': 5, 'max_features': 'sqrt', 'min_samples_split': 10, 'n_estimators': 100}",0.826961947,0.449066667,0.322133333,0.222
RF,"RandomForestClassifier(bootstrap=True, class_weight=None, criterion='gini',            max_depth=50, max_features='log2', max_leaf_nodes=None,            min_impurity_split=1e-07, min_samples_leaf=1,            min_samples_split=10, min_weight_fraction_leaf=0.0,            n_estimators=100, n_jobs=-1, oob_score=False,            random_state=None, verbose=0, warm_start=False)","{'max_depth': 5, 'max_features': 'log2', 'min_samples_split': 2, 'n_estimators': 10}",0.824429616,0.445333333,0.321333333,0.220933333
RF,"RandomForestClassifier(bootstrap=True, class_weight=None, criterion='gini',            max_depth=50, max_features='log2', max_leaf_nodes=None,            min_impurity_split=1e-07, min_samples_leaf=1,            min_samples_split=10, min_weight_fraction_leaf=0.0,            n_estimators=100, n_jobs=-1, oob_score=False,            random_state=None, verbose=0, warm_start=False)","{'max_depth': 5, 'max_features': 'log2', 'min_samples_split': 2, 'n_estimators': 100}",0.826931591,0.450133333,0.322666667,0.2224
RF,"RandomForestClassifier(bootstrap=True, class_weight=None, criterion='gini',            max_depth=50, max_features='log2', max_leaf_nodes=None,            min_impurity_split=1e-07, min_samples_leaf=1,            min_samples_split=10, min_weight_fraction_leaf=0.0,            n_estimators=100, n_jobs=-1, oob_score=False,            random_state=None, verbose=0, warm_start=False)","{'max_depth': 5, 'max_features': 'log2', 'min_samples_split': 10, 'n_estimators': 10}",0.824735614,0.452266667,0.3224,0.2244
RF,"RandomForestClassifier(bootstrap=True, class_weight=None, criterion='gini',            max_depth=50, max_features='log2', max_leaf_nodes=None,            min_impurity_split=1e-07, min_samples_leaf=1,            min_samples_split=10, min_weight_fraction_leaf=0.0,            n_estimators=100, n_jobs=-1, oob_score=False,            random_state=None, verbose=0, warm_start=False)","{'max_depth': 5, 'max_features': 'log2', 'min_samples_split': 10, 'n_estimators': 100}",0.826760656,0.451733333,0.322933333,0.222
RF,"RandomForestClassifier(bootstrap=True, class_weight=None, criterion='gini',            max_depth=50, max_features='log2', max_leaf_nodes=None,            min_impurity_split=1e-07, min_samples_leaf=1,            min_samples_split=10, min_weight_fraction_leaf=0.0,            n_estimators=100, n_jobs=-1, oob_score=False,            random_state=None, verbose=0, warm_start=False)","{'max_depth': 50, 'max_features': 'sqrt', 'min_samples_split': 2, 'n_estimators': 10}",0.722501761,0.377066667,0.325066667,0.218933333
RF,"RandomForestClassifier(bootstrap=True, class_weight=None, criterion='gini',            max_depth=50, max_features='log2', max_leaf_nodes=None,            min_impurity_split=1e-07, min_samples_leaf=1,            min_samples_split=10, min_weight_fraction_leaf=0.0,            n_estimators=100, n_jobs=-1, oob_score=False,            random_state=None, verbose=0, warm_start=False)","{'max_depth': 50, 'max_features': 'sqrt', 'min_samples_split': 2, 'n_estimators': 100}",0.772370904,0.3808,0.288533333,0.1968
RF,"RandomForestClassifier(bootstrap=True, class_weight=None, criterion='gini',            max_depth=50, max_features='log2', max_leaf_nodes=None,            min_impurity_split=1e-07, min_samples_leaf=1,            min_samples_split=10, min_weight_fraction_leaf=0.0,            n_estimators=100, n_jobs=-1, oob_score=False,            random_state=None, verbose=0, warm_start=False)","{'max_depth': 50, 'max_features': 'sqrt', 'min_samples_split': 10, 'n_estimators': 10}",0.769900511,0.387733333,0.281066667,0.196933333
RF,"RandomForestClassifier(bootstrap=True, class_weight=None, criterion='gini',            max_depth=50, max_features='log2', max_leaf_nodes=None,            min_impurity_split=1e-07, min_samples_leaf=1,            min_samples_split=10, min_weight_fraction_leaf=0.0,            n_estimators=100, n_jobs=-1, oob_score=False,            random_state=None, verbose=0, warm_start=False)","{'max_depth': 50, 'max_features': 'sqrt', 'min_samples_split': 10, 'n_estimators': 100}",0.795721409,0.4176,0.298933333,0.205866667
RF,"RandomForestClassifier(bootstrap=True, class_weight=None, criterion='gini',            max_depth=50, max_features='log2', max_leaf_nodes=None,            min_impurity_split=1e-07, min_samples_leaf=1,            min_samples_split=10, min_weight_fraction_leaf=0.0,            n_estimators=100, n_jobs=-1, oob_score=False,            random_state=None, verbose=0, warm_start=False)","{'max_depth': 50, 'max_features': 'log2', 'min_samples_split': 2, 'n_estimators': 10}",0.725226419,0.381333333,0.321333333,0.220933333
RF,"RandomForestClassifier(bootstrap=True, class_weight=None, criterion='gini',            max_depth=50, max_features='log2', max_leaf_nodes=None,            min_impurity_split=1e-07, min_samples_leaf=1,            min_samples_split=10, min_weight_fraction_leaf=0.0,            n_estimators=100, n_jobs=-1, oob_score=False,            random_state=None, verbose=0, warm_start=False)","{'max_depth': 50, 'max_features': 'log2', 'min_samples_split': 2, 'n_estimators': 100}",0.775732,0.381866667,0.288533333,0.198133333
RF,"RandomForestClassifier(bootstrap=True, class_weight=None, criterion='gini',            max_depth=50, max_features='log2', max_leaf_nodes=None,            min_impurity_split=1e-07, min_samples_leaf=1,            min_samples_split=10, min_weight_fraction_leaf=0.0,            n_estimators=100, n_jobs=-1, oob_score=False,            random_state=None, verbose=0, warm_start=False)","{'max_depth': 50, 'max_features': 'log2', 'min_samples_split': 10, 'n_estimators': 10}",0.768485615,0.393066667,0.289066667,0.197866667
RF,"RandomForestClassifier(bootstrap=True, class_weight=None, criterion='gini',            max_depth=50, max_features='log2', max_leaf_nodes=None,            min_impurity_split=1e-07, min_samples_leaf=1,            min_samples_split=10, min_weight_fraction_leaf=0.0,            n_estimators=100, n_jobs=-1, oob_score=False,            random_state=None, verbose=0, warm_start=False)","{'max_depth': 50, 'max_features': 'log2', 'min_samples_split': 10, 'n_estimators': 100}",0.793766442,0.416,0.299733333,0.2056
DT,"DecisionTreeClassifier(class_weight=None, criterion='entropy', max_depth=100,            max_features='log2', max_leaf_nodes=None,            min_impurity_split=1e-07, min_samples_leaf=1,            min_samples_split=10, min_weight_fraction_leaf=0.0,            presort=False, random_state=None, splitter='best')","{'criterion': 'gini', 'max_depth': 1, 'max_features': 'sqrt', 'min_samples_split': 2}",0.653222717,0.464,0.672533333,0.3396
DT,"DecisionTreeClassifier(class_weight=None, criterion='entropy', max_depth=100,            max_features='log2', max_leaf_nodes=None,            min_impurity_split=1e-07, min_samples_leaf=1,            min_samples_split=10, min_weight_fraction_leaf=0.0,            presort=False, random_state=None, splitter='best')","{'criterion': 'gini', 'max_depth': 1, 'max_features': 'sqrt', 'min_samples_split': 5}",0.699723088,0.759466667,0.379733333,0.256
DT,"DecisionTreeClassifier(class_weight=None, criterion='entropy', max_depth=100,            max_features='log2', max_leaf_nodes=None,            min_impurity_split=1e-07, min_samples_leaf=1,            min_samples_split=10, min_weight_fraction_leaf=0.0,            presort=False, random_state=None, splitter='best')","{'criterion': 'gini', 'max_depth': 1, 'max_features': 'sqrt', 'min_samples_split': 10}",0.653222717,0.464,0.672533333,0.3396
DT,"DecisionTreeClassifier(class_weight=None, criterion='entropy', max_depth=100,            max_features='log2', max_leaf_nodes=None,            min_impurity_split=1e-07, min_samples_leaf=1,            min_samples_split=10, min_weight_fraction_leaf=0.0,            presort=False, random_state=None, splitter='best')","{'criterion': 'gini', 'max_depth': 1, 'max_features': 'log2', 'min_samples_split': 2}",0.653222717,0.464,0.672533333,0.3396
DT,"DecisionTreeClassifier(class_weight=None, criterion='entropy', max_depth=100,            max_features='log2', max_leaf_nodes=None,            min_impurity_split=1e-07, min_samples_leaf=1,            min_samples_split=10, min_weight_fraction_leaf=0.0,            presort=False, random_state=None, splitter='best')","{'criterion': 'gini', 'max_depth': 1, 'max_features': 'log2', 'min_samples_split': 5}",0.653222717,0.464,0.672533333,0.3396
DT,"DecisionTreeClassifier(class_weight=None, criterion='entropy', max_depth=100,            max_features='log2', max_leaf_nodes=None,            min_impurity_split=1e-07, min_samples_leaf=1,            min_samples_split=10, min_weight_fraction_leaf=0.0,            presort=False, random_state=None, splitter='best')","{'criterion': 'gini', 'max_depth': 1, 'max_features': 'log2', 'min_samples_split': 10}",0.699723088,0.759466667,0.379733333,0.256
DT,"DecisionTreeClassifier(class_weight=None, criterion='entropy', max_depth=100,            max_features='log2', max_leaf_nodes=None,            min_impurity_split=1e-07, min_samples_leaf=1,            min_samples_split=10, min_weight_fraction_leaf=0.0,            presort=False, random_state=None, splitter='best')","{'criterion': 'gini', 'max_depth': 5, 'max_features': 'sqrt', 'min_samples_split': 2}",0.814829007,0.445866667,0.433866667,0.229466667
DT,"DecisionTreeClassifier(class_weight=None, criterion='entropy', max_depth=100,            max_features='log2', max_leaf_nodes=None,            min_impurity_split=1e-07, min_samples_leaf=1,            min_samples_split=10, min_weight_fraction_leaf=0.0,            presort=False, random_state=None, splitter='best')","{'criterion': 'gini', 'max_depth': 5, 'max_features': 'sqrt', 'min_samples_split': 5}",0.814695293,0.466133333,0.380266667,0.2304
DT,"DecisionTreeClassifier(class_weight=None, criterion='entropy', max_depth=100,            max_features='log2', max_leaf_nodes=None,            min_impurity_split=1e-07, min_samples_leaf=1,            min_samples_split=10, min_weight_fraction_leaf=0.0,            presort=False, random_state=None, splitter='best')","{'criterion': 'gini', 'max_depth': 5, 'max_features': 'sqrt', 'min_samples_split': 10}",0.818638284,0.451733333,0.3856,0.226
DT,"DecisionTreeClassifier(class_weight=None, criterion='entropy', max_depth=100,            max_features='log2', max_leaf_nodes=None,            min_impurity_split=1e-07, min_samples_leaf=1,            min_samples_split=10, min_weight_fraction_leaf=0.0,            presort=False, random_state=None, splitter='best')","{'criterion': 'gini', 'max_depth': 5, 'max_features': 'log2', 'min_samples_split': 2}",0.805417755,0.457066667,0.3984,0.2216
DT,"DecisionTreeClassifier(class_weight=None, criterion='entropy', max_depth=100,            max_features='log2', max_leaf_nodes=None,            min_impurity_split=1e-07, min_samples_leaf=1,            min_samples_split=10, min_weight_fraction_leaf=0.0,            presort=False, random_state=None, splitter='best')","{'criterion': 'gini', 'max_depth': 5, 'max_features': 'log2', 'min_samples_split': 5}",0.815771492,0.453333333,0.394133333,0.226266667
DT,"DecisionTreeClassifier(class_weight=None, criterion='entropy', max_depth=100,            max_features='log2', max_leaf_nodes=None,            min_impurity_split=1e-07, min_samples_leaf=1,            min_samples_split=10, min_weight_fraction_leaf=0.0,            presort=False, random_state=None, splitter='best')","{'criterion': 'gini', 'max_depth': 5, 'max_features': 'log2', 'min_samples_split': 10}",0.801947129,0.4336,0.332266667,0.218666667
DT,"DecisionTreeClassifier(class_weight=None, criterion='entropy', max_depth=100,            max_features='log2', max_leaf_nodes=None,            min_impurity_split=1e-07, min_samples_leaf=1,            min_samples_split=10, min_weight_fraction_leaf=0.0,            presort=False, random_state=None, splitter='best')","{'criterion': 'gini', 'max_depth': 10, 'max_features': 'sqrt', 'min_samples_split': 2}",0.80094301,0.438933333,0.3096,0.2184
DT,"DecisionTreeClassifier(class_weight=None, criterion='entropy', max_depth=100,            max_features='log2', max_leaf_nodes=None,            min_impurity_split=1e-07, min_samples_leaf=1,            min_samples_split=10, min_weight_fraction_leaf=0.0,            presort=False, random_state=None, splitter='best')","{'criterion': 'gini', 'max_depth': 10, 'max_features': 'sqrt', 'min_samples_split': 5}",0.806120196,0.4256,0.302933333,0.215333333
DT,"DecisionTreeClassifier(class_weight=None, criterion='entropy', max_depth=100,            max_features='log2', max_leaf_nodes=None,            min_impurity_split=1e-07, min_samples_leaf=1,            min_samples_split=10, min_weight_fraction_leaf=0.0,            presort=False, random_state=None, splitter='best')","{'criterion': 'gini', 'max_depth': 10, 'max_features': 'sqrt', 'min_samples_split': 10}",0.806570309,0.424,0.309066667,0.219066667
DT,"DecisionTreeClassifier(class_weight=None, criterion='entropy', max_depth=100,            max_features='log2', max_leaf_nodes=None,            min_impurity_split=1e-07, min_samples_leaf=1,            min_samples_split=10, min_weight_fraction_leaf=0.0,            presort=False, random_state=None, splitter='best')","{'criterion': 'gini', 'max_depth': 10, 'max_features': 'log2', 'min_samples_split': 2}",0.801240374,0.4368,0.315466667,0.213866667
DT,"DecisionTreeClassifier(class_weight=None, criterion='entropy', max_depth=100,            max_features='log2', max_leaf_nodes=None,            min_impurity_split=1e-07, min_samples_leaf=1,            min_samples_split=10, min_weight_fraction_leaf=0.0,            presort=False, random_state=None, splitter='best')","{'criterion': 'gini', 'max_depth': 10, 'max_features': 'log2', 'min_samples_split': 5}",0.800679399,0.431466667,0.320266667,0.211733333
DT,"DecisionTreeClassifier(class_weight=None, criterion='entropy', max_depth=100,            max_features='log2', max_leaf_nodes=None,            min_impurity_split=1e-07, min_samples_leaf=1,            min_samples_split=10, min_weight_fraction_leaf=0.0,            presort=False, random_state=None, splitter='best')","{'criterion': 'gini', 'max_depth': 10, 'max_features': 'log2', 'min_samples_split': 10}",0.797586649,0.432533333,0.3224,0.214933333
DT,"DecisionTreeClassifier(class_weight=None, criterion='entropy', max_depth=100,            max_features='log2', max_leaf_nodes=None,            min_impurity_split=1e-07, min_samples_leaf=1,            min_samples_split=10, min_weight_fraction_leaf=0.0,            presort=False, random_state=None, splitter='best')","{'criterion': 'gini', 'max_depth': 20, 'max_features': 'sqrt', 'min_samples_split': 2}",0.621602669,0.295466667,0.234666667,0.1524
DT,"DecisionTreeClassifier(class_weight=None, criterion='entropy', max_depth=100,            max_features='log2', max_leaf_nodes=None,            min_impurity_split=1e-07, min_samples_leaf=1,            min_samples_split=10, min_weight_fraction_leaf=0.0,            presort=False, random_state=None, splitter='best')","{'criterion': 'gini', 'max_depth': 20, 'max_features': 'sqrt', 'min_samples_split': 5}",0.640046855,0.316266667,0.2464,0.168666667
DT,"DecisionTreeClassifier(class_weight=None, criterion='entropy', max_depth=100,            max_features='log2', max_leaf_nodes=None,            min_impurity_split=1e-07, min_samples_leaf=1,            min_samples_split=10, min_weight_fraction_leaf=0.0,            presort=False, random_state=None, splitter='best')","{'criterion': 'gini', 'max_depth': 20, 'max_features': 'sqrt', 'min_samples_split': 10}",0.680074261,0.334933333,0.260266667,0.184266667
DT,"DecisionTreeClassifier(class_weight=None, criterion='entropy', max_depth=100,            max_features='log2', max_leaf_nodes=None,            min_impurity_split=1e-07, min_samples_leaf=1,            min_samples_split=10, min_weight_fraction_leaf=0.0,            presort=False, random_state=None, splitter='best')","{'criterion': 'gini', 'max_depth': 20, 'max_features': 'log2', 'min_samples_split': 2}",0.625750086,0.298133333,0.237066667,0.1584
DT,"DecisionTreeClassifier(class_weight=None, criterion='entropy', max_depth=100,            max_features='log2', max_leaf_nodes=None,            min_impurity_split=1e-07, min_samples_leaf=1,            min_samples_split=10, min_weight_fraction_leaf=0.0,            presort=False, random_state=None, splitter='best')","{'criterion': 'gini', 'max_depth': 20, 'max_features': 'log2', 'min_samples_split': 5}",0.644295928,0.3088,0.245333333,0.170133333
DT,"DecisionTreeClassifier(class_weight=None, criterion='entropy', max_depth=100,            max_features='log2', max_leaf_nodes=None,            min_impurity_split=1e-07, min_samples_leaf=1,            min_samples_split=10, min_weight_fraction_leaf=0.0,            presort=False, random_state=None, splitter='best')","{'criterion': 'gini', 'max_depth': 20, 'max_features': 'log2', 'min_samples_split': 10}",0.672204531,0.330666667,0.2568,0.181466667
DT,"DecisionTreeClassifier(class_weight=None, criterion='entropy', max_depth=100,            max_features='log2', max_leaf_nodes=None,            min_impurity_split=1e-07, min_samples_leaf=1,            min_samples_split=10, min_weight_fraction_leaf=0.0,            presort=False, random_state=None, splitter='best')","{'criterion': 'gini', 'max_depth': 50, 'max_features': 'sqrt', 'min_samples_split': 2}",0.590523124,0.299733333,0.394933333,0.3396
DT,"DecisionTreeClassifier(class_weight=None, criterion='entropy', max_depth=100,            max_features='log2', max_leaf_nodes=None,            min_impurity_split=1e-07, min_samples_leaf=1,            min_samples_split=10, min_weight_fraction_leaf=0.0,            presort=False, random_state=None, splitter='best')","{'criterion': 'gini', 'max_depth': 50, 'max_features': 'sqrt', 'min_samples_split': 5}",0.61753132,0.286933333,0.2136,0.3396
DT,"DecisionTreeClassifier(class_weight=None, criterion='entropy', max_depth=100,            max_features='log2', max_leaf_nodes=None,            min_impurity_split=1e-07, min_samples_leaf=1,            min_samples_split=10, min_weight_fraction_leaf=0.0,            presort=False, random_state=None, splitter='best')","{'criterion': 'gini', 'max_depth': 50, 'max_features': 'sqrt', 'min_samples_split': 10}",0.650596273,0.292266667,0.224,0.3396
DT,"DecisionTreeClassifier(class_weight=None, criterion='entropy', max_depth=100,            max_features='log2', max_leaf_nodes=None,            min_impurity_split=1e-07, min_samples_leaf=1,            min_samples_split=10, min_weight_fraction_leaf=0.0,            presort=False, random_state=None, splitter='best')","{'criterion': 'gini', 'max_depth': 50, 'max_features': 'log2', 'min_samples_split': 2}",0.589803239,0.297066667,0.4,0.3396
DT,"DecisionTreeClassifier(class_weight=None, criterion='entropy', max_depth=100,            max_features='log2', max_leaf_nodes=None,            min_impurity_split=1e-07, min_samples_leaf=1,            min_samples_split=10, min_weight_fraction_leaf=0.0,            presort=False, random_state=None, splitter='best')","{'criterion': 'gini', 'max_depth': 50, 'max_features': 'log2', 'min_samples_split': 5}",0.618326443,0.279466667,0.212266667,0.3396
DT,"DecisionTreeClassifier(class_weight=None, criterion='entropy', max_depth=100,            max_features='log2', max_leaf_nodes=None,            min_impurity_split=1e-07, min_samples_leaf=1,            min_samples_split=10, min_weight_fraction_leaf=0.0,            presort=False, random_state=None, splitter='best')","{'criterion': 'gini', 'max_depth': 50, 'max_features': 'log2', 'min_samples_split': 10}",0.657529117,0.2848,0.2352,0.3396
DT,"DecisionTreeClassifier(class_weight=None, criterion='entropy', max_depth=100,            max_features='log2', max_leaf_nodes=None,            min_impurity_split=1e-07, min_samples_leaf=1,            min_samples_split=10, min_weight_fraction_leaf=0.0,            presort=False, random_state=None, splitter='best')","{'criterion': 'gini', 'max_depth': 100, 'max_features': 'sqrt', 'min_samples_split': 2}",0.589530305,0.2992,0.377066667,0.3396
DT,"DecisionTreeClassifier(class_weight=None, criterion='entropy', max_depth=100,            max_features='log2', max_leaf_nodes=None,            min_impurity_split=1e-07, min_samples_leaf=1,            min_samples_split=10, min_weight_fraction_leaf=0.0,            presort=False, random_state=None, splitter='best')","{'criterion': 'gini', 'max_depth': 100, 'max_features': 'sqrt', 'min_samples_split': 5}",0.616284551,0.282133333,0.213066667,0.3396
DT,"DecisionTreeClassifier(class_weight=None, criterion='entropy', max_depth=100,            max_features='log2', max_leaf_nodes=None,            min_impurity_split=1e-07, min_samples_leaf=1,            min_samples_split=10, min_weight_fraction_leaf=0.0,            presort=False, random_state=None, splitter='best')","{'criterion': 'gini', 'max_depth': 100, 'max_features': 'sqrt', 'min_samples_split': 10}",0.643233899,0.3024,0.2184,0.3396
DT,"DecisionTreeClassifier(class_weight=None, criterion='entropy', max_depth=100,            max_features='log2', max_leaf_nodes=None,            min_impurity_split=1e-07, min_samples_leaf=1,            min_samples_split=10, min_weight_fraction_leaf=0.0,            presort=False, random_state=None, splitter='best')","{'criterion': 'gini', 'max_depth': 100, 'max_features': 'log2', 'min_samples_split': 2}",0.586688737,0.290666667,0.3896,0.3396
DT,"DecisionTreeClassifier(class_weight=None, criterion='entropy', max_depth=100,            max_features='log2', max_leaf_nodes=None,            min_impurity_split=1e-07, min_samples_leaf=1,            min_samples_split=10, min_weight_fraction_leaf=0.0,            presort=False, random_state=None, splitter='best')","{'criterion': 'gini', 'max_depth': 100, 'max_features': 'log2', 'min_samples_split': 5}",0.612567748,0.2784,0.2072,0.3396
DT,"DecisionTreeClassifier(class_weight=None, criterion='entropy', max_depth=100,            max_features='log2', max_leaf_nodes=None,            min_impurity_split=1e-07, min_samples_leaf=1,            min_samples_split=10, min_weight_fraction_leaf=0.0,            presort=False, random_state=None, splitter='best')","{'criterion': 'gini', 'max_depth': 100, 'max_features': 'log2', 'min_samples_split': 10}",0.647357581,0.28,0.221866667,0.3396
DT,"DecisionTreeClassifier(class_weight=None, criterion='entropy', max_depth=100,            max_features='log2', max_leaf_nodes=None,            min_impurity_split=1e-07, min_samples_leaf=1,            min_samples_split=10, min_weight_fraction_leaf=0.0,            presort=False, random_state=None, splitter='best')","{'criterion': 'entropy', 'max_depth': 1, 'max_features': 'sqrt', 'min_samples_split': 2}",0.726653968,0.950933333,0.475466667,0.237733333
DT,"DecisionTreeClassifier(class_weight=None, criterion='entropy', max_depth=100,            max_features='log2', max_leaf_nodes=None,            min_impurity_split=1e-07, min_samples_leaf=1,            min_samples_split=10, min_weight_fraction_leaf=0.0,            presort=False, random_state=None, splitter='best')","{'criterion': 'entropy', 'max_depth': 1, 'max_features': 'sqrt', 'min_samples_split': 5}",0.653222717,0.464,0.672533333,0.3396
DT,"DecisionTreeClassifier(class_weight=None, criterion='entropy', max_depth=100,            max_features='log2', max_leaf_nodes=None,            min_impurity_split=1e-07, min_samples_leaf=1,            min_samples_split=10, min_weight_fraction_leaf=0.0,            presort=False, random_state=None, splitter='best')","{'criterion': 'entropy', 'max_depth': 1, 'max_features': 'sqrt', 'min_samples_split': 10}",0.653222717,0.464,0.672533333,0.3396
DT,"DecisionTreeClassifier(class_weight=None, criterion='entropy', max_depth=100,            max_features='log2', max_leaf_nodes=None,            min_impurity_split=1e-07, min_samples_leaf=1,            min_samples_split=10, min_weight_fraction_leaf=0.0,            presort=False, random_state=None, splitter='best')","{'criterion': 'entropy', 'max_depth': 1, 'max_features': 'log2', 'min_samples_split': 2}",0.653222717,0.464,0.672533333,0.3396
DT,"DecisionTreeClassifier(class_weight=None, criterion='entropy', max_depth=100,            max_features='log2', max_leaf_nodes=None,            min_impurity_split=1e-07, min_samples_leaf=1,            min_samples_split=10, min_weight_fraction_leaf=0.0,            presort=False, random_state=None, splitter='best')","{'criterion': 'entropy', 'max_depth': 1, 'max_features': 'log2', 'min_samples_split': 5}",0.653222717,0.464,0.672533333,0.3396
DT,"DecisionTreeClassifier(class_weight=None, criterion='entropy', max_depth=100,            max_features='log2', max_leaf_nodes=None,            min_impurity_split=1e-07, min_samples_leaf=1,            min_samples_split=10, min_weight_fraction_leaf=0.0,            presort=False, random_state=None, splitter='best')","{'criterion': 'entropy', 'max_depth': 1, 'max_features': 'log2', 'min_samples_split': 10}",0.653222717,0.464,0.672533333,0.3396
DT,"DecisionTreeClassifier(class_weight=None, criterion='entropy', max_depth=100,            max_features='log2', max_leaf_nodes=None,            min_impurity_split=1e-07, min_samples_leaf=1,            min_samples_split=10, min_weight_fraction_leaf=0.0,            presort=False, random_state=None, splitter='best')","{'criterion': 'entropy', 'max_depth': 5, 'max_features': 'sqrt', 'min_samples_split': 2}",0.817425331,0.469866667,0.3952,0.245733333
DT,"DecisionTreeClassifier(class_weight=None, criterion='entropy', max_depth=100,            max_features='log2', max_leaf_nodes=None,            min_impurity_split=1e-07, min_samples_leaf=1,            min_samples_split=10, min_weight_fraction_leaf=0.0,            presort=False, random_state=None, splitter='best')","{'criterion': 'entropy', 'max_depth': 5, 'max_features': 'sqrt', 'min_samples_split': 5}",0.821232935,0.470933333,0.406133333,0.238533333
DT,"DecisionTreeClassifier(class_weight=None, criterion='entropy', max_depth=100,            max_features='log2', max_leaf_nodes=None,            min_impurity_split=1e-07, min_samples_leaf=1,            min_samples_split=10, min_weight_fraction_leaf=0.0,            presort=False, random_state=None, splitter='best')","{'criterion': 'entropy', 'max_depth': 5, 'max_features': 'sqrt', 'min_samples_split': 10}",0.821107122,0.473066667,0.4056,0.238266667
DT,"DecisionTreeClassifier(class_weight=None, criterion='entropy', max_depth=100,            max_features='log2', max_leaf_nodes=None,            min_impurity_split=1e-07, min_samples_leaf=1,            min_samples_split=10, min_weight_fraction_leaf=0.0,            presort=False, random_state=None, splitter='best')","{'criterion': 'entropy', 'max_depth': 5, 'max_features': 'log2', 'min_samples_split': 2}",0.818280807,0.467733333,0.361333333,0.233066667
DT,"DecisionTreeClassifier(class_weight=None, criterion='entropy', max_depth=100,            max_features='log2', max_leaf_nodes=None,            min_impurity_split=1e-07, min_samples_leaf=1,            min_samples_split=10, min_weight_fraction_leaf=0.0,            presort=False, random_state=None, splitter='best')","{'criterion': 'entropy', 'max_depth': 5, 'max_features': 'log2', 'min_samples_split': 5}",0.817883297,0.461333333,0.344,0.232
DT,"DecisionTreeClassifier(class_weight=None, criterion='entropy', max_depth=100,            max_features='log2', max_leaf_nodes=None,            min_impurity_split=1e-07, min_samples_leaf=1,            min_samples_split=10, min_weight_fraction_leaf=0.0,            presort=False, random_state=None, splitter='best')","{'criterion': 'entropy', 'max_depth': 5, 'max_features': 'log2', 'min_samples_split': 10}",0.818723502,0.456533333,0.401066667,0.2388
DT,"DecisionTreeClassifier(class_weight=None, criterion='entropy', max_depth=100,            max_features='log2', max_leaf_nodes=None,            min_impurity_split=1e-07, min_samples_leaf=1,            min_samples_split=10, min_weight_fraction_leaf=0.0,            presort=False, random_state=None, splitter='best')","{'criterion': 'entropy', 'max_depth': 10, 'max_features': 'sqrt', 'min_samples_split': 2}",0.801314213,0.424533333,0.312533333,0.218933333
DT,"DecisionTreeClassifier(class_weight=None, criterion='entropy', max_depth=100,            max_features='log2', max_leaf_nodes=None,            min_impurity_split=1e-07, min_samples_leaf=1,            min_samples_split=10, min_weight_fraction_leaf=0.0,            presort=False, random_state=None, splitter='best')","{'criterion': 'entropy', 'max_depth': 10, 'max_features': 'sqrt', 'min_samples_split': 5}",0.797119253,0.436266667,0.324266667,0.218666667
DT,"DecisionTreeClassifier(class_weight=None, criterion='entropy', max_depth=100,            max_features='log2', max_leaf_nodes=None,            min_impurity_split=1e-07, min_samples_leaf=1,            min_samples_split=10, min_weight_fraction_leaf=0.0,            presort=False, random_state=None, splitter='best')","{'criterion': 'entropy', 'max_depth': 10, 'max_features': 'sqrt', 'min_samples_split': 10}",0.802751647,0.445333333,0.317066667,0.2176
DT,"DecisionTreeClassifier(class_weight=None, criterion='entropy', max_depth=100,            max_features='log2', max_leaf_nodes=None,            min_impurity_split=1e-07, min_samples_leaf=1,            min_samples_split=10, min_weight_fraction_leaf=0.0,            presort=False, random_state=None, splitter='best')","{'criterion': 'entropy', 'max_depth': 10, 'max_features': 'log2', 'min_samples_split': 2}",0.801552949,0.426133333,0.3256,0.2168
DT,"DecisionTreeClassifier(class_weight=None, criterion='entropy', max_depth=100,            max_features='log2', max_leaf_nodes=None,            min_impurity_split=1e-07, min_samples_leaf=1,            min_samples_split=10, min_weight_fraction_leaf=0.0,            presort=False, random_state=None, splitter='best')","{'criterion': 'entropy', 'max_depth': 10, 'max_features': 'log2', 'min_samples_split': 5}",0.79834153,0.443733333,0.318666667,0.218533333
DT,"DecisionTreeClassifier(class_weight=None, criterion='entropy', max_depth=100,            max_features='log2', max_leaf_nodes=None,            min_impurity_split=1e-07, min_samples_leaf=1,            min_samples_split=10, min_weight_fraction_leaf=0.0,            presort=False, random_state=None, splitter='best')","{'criterion': 'entropy', 'max_depth': 10, 'max_features': 'log2', 'min_samples_split': 10}",0.796907235,0.422933333,0.310666667,0.212533333
DT,"DecisionTreeClassifier(class_weight=None, criterion='entropy', max_depth=100,            max_features='log2', max_leaf_nodes=None,            min_impurity_split=1e-07, min_samples_leaf=1,            min_samples_split=10, min_weight_fraction_leaf=0.0,            presort=False, random_state=None, splitter='best')","{'criterion': 'entropy', 'max_depth': 20, 'max_features': 'sqrt', 'min_samples_split': 2}",0.645275605,0.3184,0.248533333,0.167333333
DT,"DecisionTreeClassifier(class_weight=None, criterion='entropy', max_depth=100,            max_features='log2', max_leaf_nodes=None,            min_impurity_split=1e-07, min_samples_leaf=1,            min_samples_split=10, min_weight_fraction_leaf=0.0,            presort=False, random_state=None, splitter='best')","{'criterion': 'entropy', 'max_depth': 20, 'max_features': 'sqrt', 'min_samples_split': 5}",0.641933094,0.305066667,0.241066667,0.17
DT,"DecisionTreeClassifier(class_weight=None, criterion='entropy', max_depth=100,            max_features='log2', max_leaf_nodes=None,            min_impurity_split=1e-07, min_samples_leaf=1,            min_samples_split=10, min_weight_fraction_leaf=0.0,            presort=False, random_state=None, splitter='best')","{'criterion': 'entropy', 'max_depth': 20, 'max_features': 'sqrt', 'min_samples_split': 10}",0.664863814,0.317333333,0.2576,0.1812
DT,"DecisionTreeClassifier(class_weight=None, criterion='entropy', max_depth=100,            max_features='log2', max_leaf_nodes=None,            min_impurity_split=1e-07, min_samples_leaf=1,            min_samples_split=10, min_weight_fraction_leaf=0.0,            presort=False, random_state=None, splitter='best')","{'criterion': 'entropy', 'max_depth': 20, 'max_features': 'log2', 'min_samples_split': 2}",0.656824727,0.324266667,0.251733333,0.172933333
DT,"DecisionTreeClassifier(class_weight=None, criterion='entropy', max_depth=100,            max_features='log2', max_leaf_nodes=None,            min_impurity_split=1e-07, min_samples_leaf=1,            min_samples_split=10, min_weight_fraction_leaf=0.0,            presort=False, random_state=None, splitter='best')","{'criterion': 'entropy', 'max_depth': 20, 'max_features': 'log2', 'min_samples_split': 5}",0.664565466,0.330133333,0.256533333,0.1784
DT,"DecisionTreeClassifier(class_weight=None, criterion='entropy', max_depth=100,            max_features='log2', max_leaf_nodes=None,            min_impurity_split=1e-07, min_samples_leaf=1,            min_samples_split=10, min_weight_fraction_leaf=0.0,            presort=False, random_state=None, splitter='best')","{'criterion': 'entropy', 'max_depth': 20, 'max_features': 'log2', 'min_samples_split': 10}",0.669276638,0.331733333,0.260266667,0.181466667
DT,"DecisionTreeClassifier(class_weight=None, criterion='entropy', max_depth=100,            max_features='log2', max_leaf_nodes=None,            min_impurity_split=1e-07, min_samples_leaf=1,            min_samples_split=10, min_weight_fraction_leaf=0.0,            presort=False, random_state=None, splitter='best')","{'criterion': 'entropy', 'max_depth': 50, 'max_features': 'sqrt', 'min_samples_split': 2}",0.592110999,0.304,0.396533333,0.3396
DT,"DecisionTreeClassifier(class_weight=None, criterion='entropy', max_depth=100,            max_features='log2', max_leaf_nodes=None,            min_impurity_split=1e-07, min_samples_leaf=1,            min_samples_split=10, min_weight_fraction_leaf=0.0,            presort=False, random_state=None, splitter='best')","{'criterion': 'entropy', 'max_depth': 50, 'max_features': 'sqrt', 'min_samples_split': 5}",0.619443833,0.305066667,0.216266667,0.3396
DT,"DecisionTreeClassifier(class_weight=None, criterion='entropy', max_depth=100,            max_features='log2', max_leaf_nodes=None,            min_impurity_split=1e-07, min_samples_leaf=1,            min_samples_split=10, min_weight_fraction_leaf=0.0,            presort=False, random_state=None, splitter='best')","{'criterion': 'entropy', 'max_depth': 50, 'max_features': 'sqrt', 'min_samples_split': 10}",0.638914047,0.288,0.217866667,0.3396
DT,"DecisionTreeClassifier(class_weight=None, criterion='entropy', max_depth=100,            max_features='log2', max_leaf_nodes=None,            min_impurity_split=1e-07, min_samples_leaf=1,            min_samples_split=10, min_weight_fraction_leaf=0.0,            presort=False, random_state=None, splitter='best')","{'criterion': 'entropy', 'max_depth': 50, 'max_features': 'log2', 'min_samples_split': 2}",0.592631918,0.304,0.404266667,0.3396
DT,"DecisionTreeClassifier(class_weight=None, criterion='entropy', max_depth=100,            max_features='log2', max_leaf_nodes=None,            min_impurity_split=1e-07, min_samples_leaf=1,            min_samples_split=10, min_weight_fraction_leaf=0.0,            presort=False, random_state=None, splitter='best')","{'criterion': 'entropy', 'max_depth': 50, 'max_features': 'log2', 'min_samples_split': 5}",0.614559715,0.2544,0.211466667,0.3396
DT,"DecisionTreeClassifier(class_weight=None, criterion='entropy', max_depth=100,            max_features='log2', max_leaf_nodes=None,            min_impurity_split=1e-07, min_samples_leaf=1,            min_samples_split=10, min_weight_fraction_leaf=0.0,            presort=False, random_state=None, splitter='best')","{'criterion': 'entropy', 'max_depth': 50, 'max_features': 'log2', 'min_samples_split': 10}",0.634755218,0.264533333,0.2176,0.3396
DT,"DecisionTreeClassifier(class_weight=None, criterion='entropy', max_depth=100,            max_features='log2', max_leaf_nodes=None,            min_impurity_split=1e-07, min_samples_leaf=1,            min_samples_split=10, min_weight_fraction_leaf=0.0,            presort=False, random_state=None, splitter='best')","{'criterion': 'entropy', 'max_depth': 100, 'max_features': 'sqrt', 'min_samples_split': 2}",0.592508083,0.3024,0.4024,0.3396
DT,"DecisionTreeClassifier(class_weight=None, criterion='entropy', max_depth=100,            max_features='log2', max_leaf_nodes=None,            min_impurity_split=1e-07, min_samples_leaf=1,            min_samples_split=10, min_weight_fraction_leaf=0.0,            presort=False, random_state=None, splitter='best')","{'criterion': 'entropy', 'max_depth': 100, 'max_features': 'sqrt', 'min_samples_split': 5}",0.614232769,0.272,0.211466667,0.3396
DT,"DecisionTreeClassifier(class_weight=None, criterion='entropy', max_depth=100,            max_features='log2', max_leaf_nodes=None,            min_impurity_split=1e-07, min_samples_leaf=1,            min_samples_split=10, min_weight_fraction_leaf=0.0,            presort=False, random_state=None, splitter='best')","{'criterion': 'entropy', 'max_depth': 100, 'max_features': 'sqrt', 'min_samples_split': 10}",0.642827413,0.2784,0.228533333,0.3396
DT,"DecisionTreeClassifier(class_weight=None, criterion='entropy', max_depth=100,            max_features='log2', max_leaf_nodes=None,            min_impurity_split=1e-07, min_samples_leaf=1,            min_samples_split=10, min_weight_fraction_leaf=0.0,            presort=False, random_state=None, splitter='best')","{'criterion': 'entropy', 'max_depth': 100, 'max_features': 'log2', 'min_samples_split': 2}",0.584526901,0.282666667,0.401333333,0.3396
DT,"DecisionTreeClassifier(class_weight=None, criterion='entropy', max_depth=100,            max_features='log2', max_leaf_nodes=None,            min_impurity_split=1e-07, min_samples_leaf=1,            min_samples_split=10, min_weight_fraction_leaf=0.0,            presort=False, random_state=None, splitter='best')","{'criterion': 'entropy', 'max_depth': 100, 'max_features': 'log2', 'min_samples_split': 5}",0.615725452,0.263466667,0.212533333,0.3396
DT,"DecisionTreeClassifier(class_weight=None, criterion='entropy', max_depth=100,            max_features='log2', max_leaf_nodes=None,            min_impurity_split=1e-07, min_samples_leaf=1,            min_samples_split=10, min_weight_fraction_leaf=0.0,            presort=False, random_state=None, splitter='best')","{'criterion': 'entropy', 'max_depth': 100, 'max_features': 'log2', 'min_samples_split': 10}",0.642486223,0.272533333,0.222133333,0.3396
KNN,"KNeighborsClassifier(algorithm='kd_tree', leaf_size=30, metric='minkowski',           metric_params=None, n_jobs=1, n_neighbors=100, p=2,           weights='distance')","{'algorithm': 'auto', 'n_neighbors': 1, 'weights': 'uniform'}",0.567687378,0.258666667,0.486933333,0.3396
KNN,"KNeighborsClassifier(algorithm='kd_tree', leaf_size=30, metric='minkowski',           metric_params=None, n_jobs=1, n_neighbors=100, p=2,           weights='distance')","{'algorithm': 'auto', 'n_neighbors': 1, 'weights': 'distance'}",0.567687378,0.258666667,0.486933333,0.3396
KNN,"KNeighborsClassifier(algorithm='kd_tree', leaf_size=30, metric='minkowski',           metric_params=None, n_jobs=1, n_neighbors=100, p=2,           weights='distance')","{'algorithm': 'auto', 'n_neighbors': 5, 'weights': 'uniform'}",0.681442906,0.354666667,0.3664,0.1832
KNN,"KNeighborsClassifier(algorithm='kd_tree', leaf_size=30, metric='minkowski',           metric_params=None, n_jobs=1, n_neighbors=100, p=2,           weights='distance')","{'algorithm': 'auto', 'n_neighbors': 5, 'weights': 'distance'}",0.678938067,0.282133333,0.212533333,0.1672
KNN,"KNeighborsClassifier(algorithm='kd_tree', leaf_size=30, metric='minkowski',           metric_params=None, n_jobs=1, n_neighbors=100, p=2,           weights='distance')","{'algorithm': 'auto', 'n_neighbors': 10, 'weights': 'uniform'}",0.715262172,0.397333333,0.303733333,0.2312
KNN,"KNeighborsClassifier(algorithm='kd_tree', leaf_size=30, metric='minkowski',           metric_params=None, n_jobs=1, n_neighbors=100, p=2,           weights='distance')","{'algorithm': 'auto', 'n_neighbors': 10, 'weights': 'distance'}",0.711194766,0.3088,0.237333333,0.173866667
KNN,"KNeighborsClassifier(algorithm='kd_tree', leaf_size=30, metric='minkowski',           metric_params=None, n_jobs=1, n_neighbors=100, p=2,           weights='distance')","{'algorithm': 'auto', 'n_neighbors': 25, 'weights': 'uniform'}",0.75373994,0.416,0.3056,0.204
KNN,"KNeighborsClassifier(algorithm='kd_tree', leaf_size=30, metric='minkowski',           metric_params=None, n_jobs=1, n_neighbors=100, p=2,           weights='distance')","{'algorithm': 'auto', 'n_neighbors': 25, 'weights': 'distance'}",0.747212031,0.346133333,0.255733333,0.185333333
KNN,"KNeighborsClassifier(algorithm='kd_tree', leaf_size=30, metric='minkowski',           metric_params=None, n_jobs=1, n_neighbors=100, p=2,           weights='distance')","{'algorithm': 'auto', 'n_neighbors': 50, 'weights': 'uniform'}",0.771217384,0.402666667,0.273866667,0.200666667
KNN,"KNeighborsClassifier(algorithm='kd_tree', leaf_size=30, metric='minkowski',           metric_params=None, n_jobs=1, n_neighbors=100, p=2,           weights='distance')","{'algorithm': 'auto', 'n_neighbors': 50, 'weights': 'distance'}",0.764979544,0.3568,0.263733333,0.191466667
KNN,"KNeighborsClassifier(algorithm='kd_tree', leaf_size=30, metric='minkowski',           metric_params=None, n_jobs=1, n_neighbors=100, p=2,           weights='distance')","{'algorithm': 'auto', 'n_neighbors': 100, 'weights': 'uniform'}",0.783696528,0.386666667,0.279733333,0.203866667
KNN,"KNeighborsClassifier(algorithm='kd_tree', leaf_size=30, metric='minkowski',           metric_params=None, n_jobs=1, n_neighbors=100, p=2,           weights='distance')","{'algorithm': 'auto', 'n_neighbors': 100, 'weights': 'distance'}",0.776992596,0.362133333,0.2688,0.1948
KNN,"KNeighborsClassifier(algorithm='kd_tree', leaf_size=30, metric='minkowski',           metric_params=None, n_jobs=1, n_neighbors=100, p=2,           weights='distance')","{'algorithm': 'ball_tree', 'n_neighbors': 1, 'weights': 'uniform'}",0.567491068,0.258133333,0.486933333,0.3396
KNN,"KNeighborsClassifier(algorithm='kd_tree', leaf_size=30, metric='minkowski',           metric_params=None, n_jobs=1, n_neighbors=100, p=2,           weights='distance')","{'algorithm': 'ball_tree', 'n_neighbors': 1, 'weights': 'distance'}",0.567491068,0.258133333,0.486933333,0.3396
KNN,"KNeighborsClassifier(algorithm='kd_tree', leaf_size=30, metric='minkowski',           metric_params=None, n_jobs=1, n_neighbors=100, p=2,           weights='distance')","{'algorithm': 'ball_tree', 'n_neighbors': 5, 'weights': 'uniform'}",0.68135766,0.3536,0.3664,0.1832
KNN,"KNeighborsClassifier(algorithm='kd_tree', leaf_size=30, metric='minkowski',           metric_params=None, n_jobs=1, n_neighbors=100, p=2,           weights='distance')","{'algorithm': 'ball_tree', 'n_neighbors': 5, 'weights': 'distance'}",0.678893563,0.2816,0.212266667,0.167333333
KNN,"KNeighborsClassifier(algorithm='kd_tree', leaf_size=30, metric='minkowski',           metric_params=None, n_jobs=1, n_neighbors=100, p=2,           weights='distance')","{'algorithm': 'ball_tree', 'n_neighbors': 10, 'weights': 'uniform'}",0.715316084,0.3968,0.303466667,0.231333333
KNN,"KNeighborsClassifier(algorithm='kd_tree', leaf_size=30, metric='minkowski',           metric_params=None, n_jobs=1, n_neighbors=100, p=2,           weights='distance')","{'algorithm': 'ball_tree', 'n_neighbors': 10, 'weights': 'distance'}",0.711338124,0.309333333,0.237066667,0.173866667
KNN,"KNeighborsClassifier(algorithm='kd_tree', leaf_size=30, metric='minkowski',           metric_params=None, n_jobs=1, n_neighbors=100, p=2,           weights='distance')","{'algorithm': 'ball_tree', 'n_neighbors': 25, 'weights': 'uniform'}",0.75368208,0.416533333,0.305866667,0.204
KNN,"KNeighborsClassifier(algorithm='kd_tree', leaf_size=30, metric='minkowski',           metric_params=None, n_jobs=1, n_neighbors=100, p=2,           weights='distance')","{'algorithm': 'ball_tree', 'n_neighbors': 25, 'weights': 'distance'}",0.747204146,0.3472,0.255733333,0.1852
KNN,"KNeighborsClassifier(algorithm='kd_tree', leaf_size=30, metric='minkowski',           metric_params=None, n_jobs=1, n_neighbors=100, p=2,           weights='distance')","{'algorithm': 'ball_tree', 'n_neighbors': 50, 'weights': 'uniform'}",0.771219069,0.402666667,0.273866667,0.200666667
KNN,"KNeighborsClassifier(algorithm='kd_tree', leaf_size=30, metric='minkowski',           metric_params=None, n_jobs=1, n_neighbors=100, p=2,           weights='distance')","{'algorithm': 'ball_tree', 'n_neighbors': 50, 'weights': 'distance'}",0.765004599,0.3568,0.263733333,0.191466667
KNN,"KNeighborsClassifier(algorithm='kd_tree', leaf_size=30, metric='minkowski',           metric_params=None, n_jobs=1, n_neighbors=100, p=2,           weights='distance')","{'algorithm': 'ball_tree', 'n_neighbors': 100, 'weights': 'uniform'}",0.783689744,0.3872,0.279733333,0.203866667
KNN,"KNeighborsClassifier(algorithm='kd_tree', leaf_size=30, metric='minkowski',           metric_params=None, n_jobs=1, n_neighbors=100, p=2,           weights='distance')","{'algorithm': 'ball_tree', 'n_neighbors': 100, 'weights': 'distance'}",0.776985205,0.362133333,0.268533333,0.1948
KNN,"KNeighborsClassifier(algorithm='kd_tree', leaf_size=30, metric='minkowski',           metric_params=None, n_jobs=1, n_neighbors=100, p=2,           weights='distance')","{'algorithm': 'kd_tree', 'n_neighbors': 1, 'weights': 'uniform'}",0.567687378,0.258666667,0.486933333,0.3396
KNN,"KNeighborsClassifier(algorithm='kd_tree', leaf_size=30, metric='minkowski',           metric_params=None, n_jobs=1, n_neighbors=100, p=2,           weights='distance')","{'algorithm': 'kd_tree', 'n_neighbors': 1, 'weights': 'distance'}",0.567687378,0.258666667,0.486933333,0.3396
KNN,"KNeighborsClassifier(algorithm='kd_tree', leaf_size=30, metric='minkowski',           metric_params=None, n_jobs=1, n_neighbors=100, p=2,           weights='distance')","{'algorithm': 'kd_tree', 'n_neighbors': 5, 'weights': 'uniform'}",0.681442906,0.354666667,0.3664,0.1832
KNN,"KNeighborsClassifier(algorithm='kd_tree', leaf_size=30, metric='minkowski',           metric_params=None, n_jobs=1, n_neighbors=100, p=2,           weights='distance')","{'algorithm': 'kd_tree', 'n_neighbors': 5, 'weights': 'distance'}",0.678938067,0.282133333,0.212533333,0.1672
KNN,"KNeighborsClassifier(algorithm='kd_tree', leaf_size=30, metric='minkowski',           metric_params=None, n_jobs=1, n_neighbors=100, p=2,           weights='distance')","{'algorithm': 'kd_tree', 'n_neighbors': 10, 'weights': 'uniform'}",0.715262172,0.397333333,0.303733333,0.2312
KNN,"KNeighborsClassifier(algorithm='kd_tree', leaf_size=30, metric='minkowski',           metric_params=None, n_jobs=1, n_neighbors=100, p=2,           weights='distance')","{'algorithm': 'kd_tree', 'n_neighbors': 10, 'weights': 'distance'}",0.711194766,0.3088,0.237333333,0.173866667
KNN,"KNeighborsClassifier(algorithm='kd_tree', leaf_size=30, metric='minkowski',           metric_params=None, n_jobs=1, n_neighbors=100, p=2,           weights='distance')","{'algorithm': 'kd_tree', 'n_neighbors': 25, 'weights': 'uniform'}",0.75373994,0.416,0.3056,0.204
KNN,"KNeighborsClassifier(algorithm='kd_tree', leaf_size=30, metric='minkowski',           metric_params=None, n_jobs=1, n_neighbors=100, p=2,           weights='distance')","{'algorithm': 'kd_tree', 'n_neighbors': 25, 'weights': 'distance'}",0.747212031,0.346133333,0.255733333,0.185333333
KNN,"KNeighborsClassifier(algorithm='kd_tree', leaf_size=30, metric='minkowski',           metric_params=None, n_jobs=1, n_neighbors=100, p=2,           weights='distance')","{'algorithm': 'kd_tree', 'n_neighbors': 50, 'weights': 'uniform'}",0.771217384,0.402666667,0.273866667,0.200666667
KNN,"KNeighborsClassifier(algorithm='kd_tree', leaf_size=30, metric='minkowski',           metric_params=None, n_jobs=1, n_neighbors=100, p=2,           weights='distance')","{'algorithm': 'kd_tree', 'n_neighbors': 50, 'weights': 'distance'}",0.764979544,0.3568,0.263733333,0.191466667
KNN,"KNeighborsClassifier(algorithm='kd_tree', leaf_size=30, metric='minkowski',           metric_params=None, n_jobs=1, n_neighbors=100, p=2,           weights='distance')","{'algorithm': 'kd_tree', 'n_neighbors': 100, 'weights': 'uniform'}",0.783696528,0.386666667,0.279733333,0.203866667
KNN,"KNeighborsClassifier(algorithm='kd_tree', leaf_size=30, metric='minkowski',           metric_params=None, n_jobs=1, n_neighbors=100, p=2,           weights='distance')","{'algorithm': 'kd_tree', 'n_neighbors': 100, 'weights': 'distance'}",0.776992596,0.362133333,0.2688,0.1948
ET,"ExtraTreesClassifier(bootstrap=False, class_weight=None, criterion='entropy',           max_depth=50, max_features='log2', max_leaf_nodes=None,           min_impurity_split=1e-07, min_samples_leaf=1,           min_samples_split=10, min_weight_fraction_leaf=0.0,           n_estimators=100, n_jobs=-1, oob_score=False, random_state=None,           verbose=0, warm_start=False)","{'criterion': 'gini', 'max_depth': 5, 'max_features': 'sqrt', 'min_samples_split': 2, 'n_estimators': 10}",0.732097124,0.445866667,0.298933333,0.178533333
ET,"ExtraTreesClassifier(bootstrap=False, class_weight=None, criterion='entropy',           max_depth=50, max_features='log2', max_leaf_nodes=None,           min_impurity_split=1e-07, min_samples_leaf=1,           min_samples_split=10, min_weight_fraction_leaf=0.0,           n_estimators=100, n_jobs=-1, oob_score=False, random_state=None,           verbose=0, warm_start=False)","{'criterion': 'gini', 'max_depth': 5, 'max_features': 'sqrt', 'min_samples_split': 2, 'n_estimators': 100}",0.736624753,0.433066667,0.267733333,0.1708
ET,"ExtraTreesClassifier(bootstrap=False, class_weight=None, criterion='entropy',           max_depth=50, max_features='log2', max_leaf_nodes=None,           min_impurity_split=1e-07, min_samples_leaf=1,           min_samples_split=10, min_weight_fraction_leaf=0.0,           n_estimators=100, n_jobs=-1, oob_score=False, random_state=None,           verbose=0, warm_start=False)","{'criterion': 'gini', 'max_depth': 5, 'max_features': 'sqrt', 'min_samples_split': 10, 'n_estimators': 10}",0.730605009,0.4272,0.342666667,0.171333333
ET,"ExtraTreesClassifier(bootstrap=False, class_weight=None, criterion='entropy',           max_depth=50, max_features='log2', max_leaf_nodes=None,           min_impurity_split=1e-07, min_samples_leaf=1,           min_samples_split=10, min_weight_fraction_leaf=0.0,           n_estimators=100, n_jobs=-1, oob_score=False, random_state=None,           verbose=0, warm_start=False)","{'criterion': 'gini', 'max_depth': 5, 'max_features': 'sqrt', 'min_samples_split': 10, 'n_estimators': 100}",0.736771284,0.4336,0.2704,0.1732
ET,"ExtraTreesClassifier(bootstrap=False, class_weight=None, criterion='entropy',           max_depth=50, max_features='log2', max_leaf_nodes=None,           min_impurity_split=1e-07, min_samples_leaf=1,           min_samples_split=10, min_weight_fraction_leaf=0.0,           n_estimators=100, n_jobs=-1, oob_score=False, random_state=None,           verbose=0, warm_start=False)","{'criterion': 'gini', 'max_depth': 5, 'max_features': 'log2', 'min_samples_split': 2, 'n_estimators': 10}",0.733870648,0.445866667,0.2944,0.171333333
ET,"ExtraTreesClassifier(bootstrap=False, class_weight=None, criterion='entropy',           max_depth=50, max_features='log2', max_leaf_nodes=None,           min_impurity_split=1e-07, min_samples_leaf=1,           min_samples_split=10, min_weight_fraction_leaf=0.0,           n_estimators=100, n_jobs=-1, oob_score=False, random_state=None,           verbose=0, warm_start=False)","{'criterion': 'gini', 'max_depth': 5, 'max_features': 'log2', 'min_samples_split': 2, 'n_estimators': 100}",0.736384569,0.434133333,0.269866667,0.1684
ET,"ExtraTreesClassifier(bootstrap=False, class_weight=None, criterion='entropy',           max_depth=50, max_features='log2', max_leaf_nodes=None,           min_impurity_split=1e-07, min_samples_leaf=1,           min_samples_split=10, min_weight_fraction_leaf=0.0,           n_estimators=100, n_jobs=-1, oob_score=False, random_state=None,           verbose=0, warm_start=False)","{'criterion': 'gini', 'max_depth': 5, 'max_features': 'log2', 'min_samples_split': 10, 'n_estimators': 10}",0.733451919,0.456533333,0.334933333,0.167466667
ET,"ExtraTreesClassifier(bootstrap=False, class_weight=None, criterion='entropy',           max_depth=50, max_features='log2', max_leaf_nodes=None,           min_impurity_split=1e-07, min_samples_leaf=1,           min_samples_split=10, min_weight_fraction_leaf=0.0,           n_estimators=100, n_jobs=-1, oob_score=False, random_state=None,           verbose=0, warm_start=False)","{'criterion': 'gini', 'max_depth': 5, 'max_features': 'log2', 'min_samples_split': 10, 'n_estimators': 100}",0.736515683,0.436266667,0.280266667,0.168666667
ET,"ExtraTreesClassifier(bootstrap=False, class_weight=None, criterion='entropy',           max_depth=50, max_features='log2', max_leaf_nodes=None,           min_impurity_split=1e-07, min_samples_leaf=1,           min_samples_split=10, min_weight_fraction_leaf=0.0,           n_estimators=100, n_jobs=-1, oob_score=False, random_state=None,           verbose=0, warm_start=False)","{'criterion': 'gini', 'max_depth': 50, 'max_features': 'sqrt', 'min_samples_split': 2, 'n_estimators': 10}",0.695975321,0.2928,0.246666667,0.186
ET,"ExtraTreesClassifier(bootstrap=False, class_weight=None, criterion='entropy',           max_depth=50, max_features='log2', max_leaf_nodes=None,           min_impurity_split=1e-07, min_samples_leaf=1,           min_samples_split=10, min_weight_fraction_leaf=0.0,           n_estimators=100, n_jobs=-1, oob_score=False, random_state=None,           verbose=0, warm_start=False)","{'criterion': 'gini', 'max_depth': 50, 'max_features': 'sqrt', 'min_samples_split': 2, 'n_estimators': 100}",0.750653413,0.315733333,0.247733333,0.183066667
ET,"ExtraTreesClassifier(bootstrap=False, class_weight=None, criterion='entropy',           max_depth=50, max_features='log2', max_leaf_nodes=None,           min_impurity_split=1e-07, min_samples_leaf=1,           min_samples_split=10, min_weight_fraction_leaf=0.0,           n_estimators=100, n_jobs=-1, oob_score=False, random_state=None,           verbose=0, warm_start=False)","{'criterion': 'gini', 'max_depth': 50, 'max_features': 'sqrt', 'min_samples_split': 10, 'n_estimators': 10}",0.775189974,0.389866667,0.290133333,0.198
ET,"ExtraTreesClassifier(bootstrap=False, class_weight=None, criterion='entropy',           max_depth=50, max_features='log2', max_leaf_nodes=None,           min_impurity_split=1e-07, min_samples_leaf=1,           min_samples_split=10, min_weight_fraction_leaf=0.0,           n_estimators=100, n_jobs=-1, oob_score=False, random_state=None,           verbose=0, warm_start=False)","{'criterion': 'gini', 'max_depth': 50, 'max_features': 'sqrt', 'min_samples_split': 10, 'n_estimators': 100}",0.791709504,0.402666667,0.298933333,0.203733333
ET,"ExtraTreesClassifier(bootstrap=False, class_weight=None, criterion='entropy',           max_depth=50, max_features='log2', max_leaf_nodes=None,           min_impurity_split=1e-07, min_samples_leaf=1,           min_samples_split=10, min_weight_fraction_leaf=0.0,           n_estimators=100, n_jobs=-1, oob_score=False, random_state=None,           verbose=0, warm_start=False)","{'criterion': 'gini', 'max_depth': 50, 'max_features': 'log2', 'min_samples_split': 2, 'n_estimators': 10}",0.694099175,0.318933333,0.2608,0.187466667
ET,"ExtraTreesClassifier(bootstrap=False, class_weight=None, criterion='entropy',           max_depth=50, max_features='log2', max_leaf_nodes=None,           min_impurity_split=1e-07, min_samples_leaf=1,           min_samples_split=10, min_weight_fraction_leaf=0.0,           n_estimators=100, n_jobs=-1, oob_score=False, random_state=None,           verbose=0, warm_start=False)","{'criterion': 'gini', 'max_depth': 50, 'max_features': 'log2', 'min_samples_split': 2, 'n_estimators': 100}",0.752839892,0.317333333,0.2488,0.185333333
ET,"ExtraTreesClassifier(bootstrap=False, class_weight=None, criterion='entropy',           max_depth=50, max_features='log2', max_leaf_nodes=None,           min_impurity_split=1e-07, min_samples_leaf=1,           min_samples_split=10, min_weight_fraction_leaf=0.0,           n_estimators=100, n_jobs=-1, oob_score=False, random_state=None,           verbose=0, warm_start=False)","{'criterion': 'gini', 'max_depth': 50, 'max_features': 'log2', 'min_samples_split': 10, 'n_estimators': 10}",0.778627913,0.3952,0.290133333,0.200666667
ET,"ExtraTreesClassifier(bootstrap=False, class_weight=None, criterion='entropy',           max_depth=50, max_features='log2', max_leaf_nodes=None,           min_impurity_split=1e-07, min_samples_leaf=1,           min_samples_split=10, min_weight_fraction_leaf=0.0,           n_estimators=100, n_jobs=-1, oob_score=False, random_state=None,           verbose=0, warm_start=False)","{'criterion': 'gini', 'max_depth': 50, 'max_features': 'log2', 'min_samples_split': 10, 'n_estimators': 100}",0.790780414,0.402666667,0.2984,0.203733333
ET,"ExtraTreesClassifier(bootstrap=False, class_weight=None, criterion='entropy',           max_depth=50, max_features='log2', max_leaf_nodes=None,           min_impurity_split=1e-07, min_samples_leaf=1,           min_samples_split=10, min_weight_fraction_leaf=0.0,           n_estimators=100, n_jobs=-1, oob_score=False, random_state=None,           verbose=0, warm_start=False)","{'criterion': 'entropy', 'max_depth': 5, 'max_features': 'sqrt', 'min_samples_split': 2, 'n_estimators': 10}",0.735920807,0.432,0.2976,0.181066667
ET,"ExtraTreesClassifier(bootstrap=False, class_weight=None, criterion='entropy',           max_depth=50, max_features='log2', max_leaf_nodes=None,           min_impurity_split=1e-07, min_samples_leaf=1,           min_samples_split=10, min_weight_fraction_leaf=0.0,           n_estimators=100, n_jobs=-1, oob_score=False, random_state=None,           verbose=0, warm_start=False)","{'criterion': 'entropy', 'max_depth': 5, 'max_features': 'sqrt', 'min_samples_split': 2, 'n_estimators': 100}",0.736682804,0.432533333,0.2696,0.1708
ET,"ExtraTreesClassifier(bootstrap=False, class_weight=None, criterion='entropy',           max_depth=50, max_features='log2', max_leaf_nodes=None,           min_impurity_split=1e-07, min_samples_leaf=1,           min_samples_split=10, min_weight_fraction_leaf=0.0,           n_estimators=100, n_jobs=-1, oob_score=False, random_state=None,           verbose=0, warm_start=False)","{'criterion': 'entropy', 'max_depth': 5, 'max_features': 'sqrt', 'min_samples_split': 10, 'n_estimators': 10}",0.733973624,0.4272,0.266933333,0.1728
ET,"ExtraTreesClassifier(bootstrap=False, class_weight=None, criterion='entropy',           max_depth=50, max_features='log2', max_leaf_nodes=None,           min_impurity_split=1e-07, min_samples_leaf=1,           min_samples_split=10, min_weight_fraction_leaf=0.0,           n_estimators=100, n_jobs=-1, oob_score=False, random_state=None,           verbose=0, warm_start=False)","{'criterion': 'entropy', 'max_depth': 5, 'max_features': 'sqrt', 'min_samples_split': 10, 'n_estimators': 100}",0.73617638,0.435733333,0.269866667,0.169733333
ET,"ExtraTreesClassifier(bootstrap=False, class_weight=None, criterion='entropy',           max_depth=50, max_features='log2', max_leaf_nodes=None,           min_impurity_split=1e-07, min_samples_leaf=1,           min_samples_split=10, min_weight_fraction_leaf=0.0,           n_estimators=100, n_jobs=-1, oob_score=False, random_state=None,           verbose=0, warm_start=False)","{'criterion': 'entropy', 'max_depth': 5, 'max_features': 'log2', 'min_samples_split': 2, 'n_estimators': 10}",0.718874117,0.432,0.2992,0.171866667
ET,"ExtraTreesClassifier(bootstrap=False, class_weight=None, criterion='entropy',           max_depth=50, max_features='log2', max_leaf_nodes=None,           min_impurity_split=1e-07, min_samples_leaf=1,           min_samples_split=10, min_weight_fraction_leaf=0.0,           n_estimators=100, n_jobs=-1, oob_score=False, random_state=None,           verbose=0, warm_start=False)","{'criterion': 'entropy', 'max_depth': 5, 'max_features': 'log2', 'min_samples_split': 2, 'n_estimators': 100}",0.736542866,0.431466667,0.270133333,0.168533333
ET,"ExtraTreesClassifier(bootstrap=False, class_weight=None, criterion='entropy',           max_depth=50, max_features='log2', max_leaf_nodes=None,           min_impurity_split=1e-07, min_samples_leaf=1,           min_samples_split=10, min_weight_fraction_leaf=0.0,           n_estimators=100, n_jobs=-1, oob_score=False, random_state=None,           verbose=0, warm_start=False)","{'criterion': 'entropy', 'max_depth': 5, 'max_features': 'log2', 'min_samples_split': 10, 'n_estimators': 10}",0.732499189,0.434666667,0.34,0.17
ET,"ExtraTreesClassifier(bootstrap=False, class_weight=None, criterion='entropy',           max_depth=50, max_features='log2', max_leaf_nodes=None,           min_impurity_split=1e-07, min_samples_leaf=1,           min_samples_split=10, min_weight_fraction_leaf=0.0,           n_estimators=100, n_jobs=-1, oob_score=False, random_state=None,           verbose=0, warm_start=False)","{'criterion': 'entropy', 'max_depth': 5, 'max_features': 'log2', 'min_samples_split': 10, 'n_estimators': 100}",0.736906791,0.429866667,0.269866667,0.172666667
ET,"ExtraTreesClassifier(bootstrap=False, class_weight=None, criterion='entropy',           max_depth=50, max_features='log2', max_leaf_nodes=None,           min_impurity_split=1e-07, min_samples_leaf=1,           min_samples_split=10, min_weight_fraction_leaf=0.0,           n_estimators=100, n_jobs=-1, oob_score=False, random_state=None,           verbose=0, warm_start=False)","{'criterion': 'entropy', 'max_depth': 50, 'max_features': 'sqrt', 'min_samples_split': 2, 'n_estimators': 10}",0.711529132,0.314666667,0.233066667,0.188533333
ET,"ExtraTreesClassifier(bootstrap=False, class_weight=None, criterion='entropy',           max_depth=50, max_features='log2', max_leaf_nodes=None,           min_impurity_split=1e-07, min_samples_leaf=1,           min_samples_split=10, min_weight_fraction_leaf=0.0,           n_estimators=100, n_jobs=-1, oob_score=False, random_state=None,           verbose=0, warm_start=False)","{'criterion': 'entropy', 'max_depth': 50, 'max_features': 'sqrt', 'min_samples_split': 2, 'n_estimators': 100}",0.74629309,0.314133333,0.2488,0.183466667
ET,"ExtraTreesClassifier(bootstrap=False, class_weight=None, criterion='entropy',           max_depth=50, max_features='log2', max_leaf_nodes=None,           min_impurity_split=1e-07, min_samples_leaf=1,           min_samples_split=10, min_weight_fraction_leaf=0.0,           n_estimators=100, n_jobs=-1, oob_score=False, random_state=None,           verbose=0, warm_start=False)","{'criterion': 'entropy', 'max_depth': 50, 'max_features': 'sqrt', 'min_samples_split': 10, 'n_estimators': 10}",0.775995986,0.389866667,0.284,0.1996
ET,"ExtraTreesClassifier(bootstrap=False, class_weight=None, criterion='entropy',           max_depth=50, max_features='log2', max_leaf_nodes=None,           min_impurity_split=1e-07, min_samples_leaf=1,           min_samples_split=10, min_weight_fraction_leaf=0.0,           n_estimators=100, n_jobs=-1, oob_score=False, random_state=None,           verbose=0, warm_start=False)","{'criterion': 'entropy', 'max_depth': 50, 'max_features': 'sqrt', 'min_samples_split': 10, 'n_estimators': 100}",0.791103087,0.405333333,0.2976,0.204933333
ET,"ExtraTreesClassifier(bootstrap=False, class_weight=None, criterion='entropy',           max_depth=50, max_features='log2', max_leaf_nodes=None,           min_impurity_split=1e-07, min_samples_leaf=1,           min_samples_split=10, min_weight_fraction_leaf=0.0,           n_estimators=100, n_jobs=-1, oob_score=False, random_state=None,           verbose=0, warm_start=False)","{'criterion': 'entropy', 'max_depth': 50, 'max_features': 'log2', 'min_samples_split': 2, 'n_estimators': 10}",0.702569088,0.344,0.233866667,0.187733333
ET,"ExtraTreesClassifier(bootstrap=False, class_weight=None, criterion='entropy',           max_depth=50, max_features='log2', max_leaf_nodes=None,           min_impurity_split=1e-07, min_samples_leaf=1,           min_samples_split=10, min_weight_fraction_leaf=0.0,           n_estimators=100, n_jobs=-1, oob_score=False, random_state=None,           verbose=0, warm_start=False)","{'criterion': 'entropy', 'max_depth': 50, 'max_features': 'log2', 'min_samples_split': 2, 'n_estimators': 100}",0.753829611,0.309866667,0.247733333,0.181733333
ET,"ExtraTreesClassifier(bootstrap=False, class_weight=None, criterion='entropy',           max_depth=50, max_features='log2', max_leaf_nodes=None,           min_impurity_split=1e-07, min_samples_leaf=1,           min_samples_split=10, min_weight_fraction_leaf=0.0,           n_estimators=100, n_jobs=-1, oob_score=False, random_state=None,           verbose=0, warm_start=False)","{'criterion': 'entropy', 'max_depth': 50, 'max_features': 'log2', 'min_samples_split': 10, 'n_estimators': 10}",0.780049997,0.394666667,0.288533333,0.198666667
ET,"ExtraTreesClassifier(bootstrap=False, class_weight=None, criterion='entropy',           max_depth=50, max_features='log2', max_leaf_nodes=None,           min_impurity_split=1e-07, min_samples_leaf=1,           min_samples_split=10, min_weight_fraction_leaf=0.0,           n_estimators=100, n_jobs=-1, oob_score=False, random_state=None,           verbose=0, warm_start=False)","{'criterion': 'entropy', 'max_depth': 50, 'max_features': 'log2', 'min_samples_split': 10, 'n_estimators': 100}",0.789999344,0.402133333,0.2984,0.2032
AB,"AdaBoostClassifier(algorithm='SAMME.R',          base_estimator=DecisionTreeClassifier(class_weight=None, criterion='gini', max_depth=1,            max_features=None, max_leaf_nodes=None,            min_impurity_split=1e-07, min_samples_leaf=1,            min_samples_split=2, min_weight_fraction_leaf=0.0,            presort=False, random_state=None, splitter='best'),          learning_rate=1.0, n_estimators=10000, random_state=None)","{'algorithm': 'SAMME', 'n_estimators': 1}",0.653222717,0.464,0.672533333,0.3396
AB,"AdaBoostClassifier(algorithm='SAMME.R',          base_estimator=DecisionTreeClassifier(class_weight=None, criterion='gini', max_depth=1,            max_features=None, max_leaf_nodes=None,            min_impurity_split=1e-07, min_samples_leaf=1,            min_samples_split=2, min_weight_fraction_leaf=0.0,            presort=False, random_state=None, splitter='best'),          learning_rate=1.0, n_estimators=10000, random_state=None)","{'algorithm': 'SAMME', 'n_estimators': 10}",0.803909318,0.442133333,0.483733333,0.241866667
AB,"AdaBoostClassifier(algorithm='SAMME.R',          base_estimator=DecisionTreeClassifier(class_weight=None, criterion='gini', max_depth=1,            max_features=None, max_leaf_nodes=None,            min_impurity_split=1e-07, min_samples_leaf=1,            min_samples_split=2, min_weight_fraction_leaf=0.0,            presort=False, random_state=None, splitter='best'),          learning_rate=1.0, n_estimators=10000, random_state=None)","{'algorithm': 'SAMME', 'n_estimators': 100}",0.822900955,0.437333333,0.322933333,0.219066667
AB,"AdaBoostClassifier(algorithm='SAMME.R',          base_estimator=DecisionTreeClassifier(class_weight=None, criterion='gini', max_depth=1,            max_features=None, max_leaf_nodes=None,            min_impurity_split=1e-07, min_samples_leaf=1,            min_samples_split=2, min_weight_fraction_leaf=0.0,            presort=False, random_state=None, splitter='best'),          learning_rate=1.0, n_estimators=10000, random_state=None)","{'algorithm': 'SAMME', 'n_estimators': 1000}",0.824341349,0.437866667,0.3216,0.219466667
AB,"AdaBoostClassifier(algorithm='SAMME.R',          base_estimator=DecisionTreeClassifier(class_weight=None, criterion='gini', max_depth=1,            max_features=None, max_leaf_nodes=None,            min_impurity_split=1e-07, min_samples_leaf=1,            min_samples_split=2, min_weight_fraction_leaf=0.0,            presort=False, random_state=None, splitter='best'),          learning_rate=1.0, n_estimators=10000, random_state=None)","{'algorithm': 'SAMME', 'n_estimators': 10000}",0.824370015,0.437866667,0.321866667,0.2196
AB,"AdaBoostClassifier(algorithm='SAMME.R',          base_estimator=DecisionTreeClassifier(class_weight=None, criterion='gini', max_depth=1,            max_features=None, max_leaf_nodes=None,            min_impurity_split=1e-07, min_samples_leaf=1,            min_samples_split=2, min_weight_fraction_leaf=0.0,            presort=False, random_state=None, splitter='best'),          learning_rate=1.0, n_estimators=10000, random_state=None)","{'algorithm': 'SAMME.R', 'n_estimators': 1}",0.653222717,0.464,0.672533333,0.3396
AB,"AdaBoostClassifier(algorithm='SAMME.R',          base_estimator=DecisionTreeClassifier(class_weight=None, criterion='gini', max_depth=1,            max_features=None, max_leaf_nodes=None,            min_impurity_split=1e-07, min_samples_leaf=1,            min_samples_split=2, min_weight_fraction_leaf=0.0,            presort=False, random_state=None, splitter='best'),          learning_rate=1.0, n_estimators=10000, random_state=None)","{'algorithm': 'SAMME.R', 'n_estimators': 10}",0.819032223,0.4464,0.3112,0.217733333
AB,"AdaBoostClassifier(algorithm='SAMME.R',          base_estimator=DecisionTreeClassifier(class_weight=None, criterion='gini', max_depth=1,            max_features=None, max_leaf_nodes=None,            min_impurity_split=1e-07, min_samples_leaf=1,            min_samples_split=2, min_weight_fraction_leaf=0.0,            presort=False, random_state=None, splitter='best'),          learning_rate=1.0, n_estimators=10000, random_state=None)","{'algorithm': 'SAMME.R', 'n_estimators': 100}",0.827573919,0.437333333,0.319466667,0.2224
AB,"AdaBoostClassifier(algorithm='SAMME.R',          base_estimator=DecisionTreeClassifier(class_weight=None, criterion='gini', max_depth=1,            max_features=None, max_leaf_nodes=None,            min_impurity_split=1e-07, min_samples_leaf=1,            min_samples_split=2, min_weight_fraction_leaf=0.0,            presort=False, random_state=None, splitter='best'),          learning_rate=1.0, n_estimators=10000, random_state=None)","{'algorithm': 'SAMME.R', 'n_estimators': 1000}",0.826216698,0.4384,0.320533333,0.222
AB,"AdaBoostClassifier(algorithm='SAMME.R',          base_estimator=DecisionTreeClassifier(class_weight=None, criterion='gini', max_depth=1,            max_features=None, max_leaf_nodes=None,            min_impurity_split=1e-07, min_samples_leaf=1,            min_samples_split=2, min_weight_fraction_leaf=0.0,            presort=False, random_state=None, splitter='best'),          learning_rate=1.0, n_estimators=10000, random_state=None)","{'algorithm': 'SAMME.R', 'n_estimators': 10000}",0.822325551,0.437333333,0.3184,0.219066667
GB,"GradientBoostingClassifier(criterion='friedman_mse', init=None,              learning_rate=0.5, loss='deviance', max_depth=50,              max_features=None, max_leaf_nodes=None,              min_impurity_split=1e-07, min_samples_leaf=1,              min_samples_split=2, min_weight_fraction_leaf=0.0,              n_estimators=100, presort='auto', random_state=None,              subsample=1.0, verbose=0, warm_start=False)","{'learning_rate': 0.001, 'max_depth': 5, 'n_estimators': 10, 'subsample': 0.1}",0.824019974,0.458133333,0.321333333,0.224
GB,"GradientBoostingClassifier(criterion='friedman_mse', init=None,              learning_rate=0.5, loss='deviance', max_depth=50,              max_features=None, max_leaf_nodes=None,              min_impurity_split=1e-07, min_samples_leaf=1,              min_samples_split=2, min_weight_fraction_leaf=0.0,              n_estimators=100, presort='auto', random_state=None,              subsample=1.0, verbose=0, warm_start=False)","{'learning_rate': 0.001, 'max_depth': 5, 'n_estimators': 10, 'subsample': 0.5}",0.823513225,0.456533333,0.345866667,0.221733333
GB,"GradientBoostingClassifier(criterion='friedman_mse', init=None,              learning_rate=0.5, loss='deviance', max_depth=50,              max_features=None, max_leaf_nodes=None,              min_impurity_split=1e-07, min_samples_leaf=1,              min_samples_split=2, min_weight_fraction_leaf=0.0,              n_estimators=100, presort='auto', random_state=None,              subsample=1.0, verbose=0, warm_start=False)","{'learning_rate': 0.001, 'max_depth': 5, 'n_estimators': 10, 'subsample': 1.0}",0.820705916,0.461333333,0.3944,0.2264
GB,"GradientBoostingClassifier(criterion='friedman_mse', init=None,              learning_rate=0.5, loss='deviance', max_depth=50,              max_features=None, max_leaf_nodes=None,              min_impurity_split=1e-07, min_samples_leaf=1,              min_samples_split=2, min_weight_fraction_leaf=0.0,              n_estimators=100, presort='auto', random_state=None,              subsample=1.0, verbose=0, warm_start=False)","{'learning_rate': 0.001, 'max_depth': 5, 'n_estimators': 100, 'subsample': 0.1}",0.824814917,0.452266667,0.324,0.223066667
GB,"GradientBoostingClassifier(criterion='friedman_mse', init=None,              learning_rate=0.5, loss='deviance', max_depth=50,              max_features=None, max_leaf_nodes=None,              min_impurity_split=1e-07, min_samples_leaf=1,              min_samples_split=2, min_weight_fraction_leaf=0.0,              n_estimators=100, presort='auto', random_state=None,              subsample=1.0, verbose=0, warm_start=False)","{'learning_rate': 0.001, 'max_depth': 5, 'n_estimators': 100, 'subsample': 0.5}",0.825051142,0.456,0.324266667,0.221733333
GB,"GradientBoostingClassifier(criterion='friedman_mse', init=None,              learning_rate=0.5, loss='deviance', max_depth=50,              max_features=None, max_leaf_nodes=None,              min_impurity_split=1e-07, min_samples_leaf=1,              min_samples_split=2, min_weight_fraction_leaf=0.0,              n_estimators=100, presort='auto', random_state=None,              subsample=1.0, verbose=0, warm_start=False)","{'learning_rate': 0.001, 'max_depth': 5, 'n_estimators': 100, 'subsample': 1.0}",0.822104036,0.4608,0.324533333,0.222666667
GB,"GradientBoostingClassifier(criterion='friedman_mse', init=None,              learning_rate=0.5, loss='deviance', max_depth=50,              max_features=None, max_leaf_nodes=None,              min_impurity_split=1e-07, min_samples_leaf=1,              min_samples_split=2, min_weight_fraction_leaf=0.0,              n_estimators=100, presort='auto', random_state=None,              subsample=1.0, verbose=0, warm_start=False)","{'learning_rate': 0.001, 'max_depth': 50, 'n_estimators': 10, 'subsample': 0.1}",0.713185768,0.404266667,0.28,0.1892
GB,"GradientBoostingClassifier(criterion='friedman_mse', init=None,              learning_rate=0.5, loss='deviance', max_depth=50,              max_features=None, max_leaf_nodes=None,              min_impurity_split=1e-07, min_samples_leaf=1,              min_samples_split=2, min_weight_fraction_leaf=0.0,              n_estimators=100, presort='auto', random_state=None,              subsample=1.0, verbose=0, warm_start=False)","{'learning_rate': 0.001, 'max_depth': 50, 'n_estimators': 10, 'subsample': 0.5}",0.682609496,0.343466667,0.266133333,0.184
GB,"GradientBoostingClassifier(criterion='friedman_mse', init=None,              learning_rate=0.5, loss='deviance', max_depth=50,              max_features=None, max_leaf_nodes=None,              min_impurity_split=1e-07, min_samples_leaf=1,              min_samples_split=2, min_weight_fraction_leaf=0.0,              n_estimators=100, presort='auto', random_state=None,              subsample=1.0, verbose=0, warm_start=False)","{'learning_rate': 0.001, 'max_depth': 50, 'n_estimators': 10, 'subsample': 1.0}",0.612867281,0.256533333,0.253866667,0.3396
GB,"GradientBoostingClassifier(criterion='friedman_mse', init=None,              learning_rate=0.5, loss='deviance', max_depth=50,              max_features=None, max_leaf_nodes=None,              min_impurity_split=1e-07, min_samples_leaf=1,              min_samples_split=2, min_weight_fraction_leaf=0.0,              n_estimators=100, presort='auto', random_state=None,              subsample=1.0, verbose=0, warm_start=False)","{'learning_rate': 0.001, 'max_depth': 50, 'n_estimators': 100, 'subsample': 0.1}",0.808787983,0.434666667,0.3128,0.214266667
GB,"GradientBoostingClassifier(criterion='friedman_mse', init=None,              learning_rate=0.5, loss='deviance', max_depth=50,              max_features=None, max_leaf_nodes=None,              min_impurity_split=1e-07, min_samples_leaf=1,              min_samples_split=2, min_weight_fraction_leaf=0.0,              n_estimators=100, presort='auto', random_state=None,              subsample=1.0, verbose=0, warm_start=False)","{'learning_rate': 0.001, 'max_depth': 50, 'n_estimators': 100, 'subsample': 0.5}",0.774873918,0.3856,0.2872,0.1988
GB,"GradientBoostingClassifier(criterion='friedman_mse', init=None,              learning_rate=0.5, loss='deviance', max_depth=50,              max_features=None, max_leaf_nodes=None,              min_impurity_split=1e-07, min_samples_leaf=1,              min_samples_split=2, min_weight_fraction_leaf=0.0,              n_estimators=100, presort='auto', random_state=None,              subsample=1.0, verbose=0, warm_start=False)","{'learning_rate': 0.001, 'max_depth': 50, 'n_estimators': 100, 'subsample': 1.0}",0.615026218,0.252266667,0.245333333,0.3396
GB,"GradientBoostingClassifier(criterion='friedman_mse', init=None,              learning_rate=0.5, loss='deviance', max_depth=50,              max_features=None, max_leaf_nodes=None,              min_impurity_split=1e-07, min_samples_leaf=1,              min_samples_split=2, min_weight_fraction_leaf=0.0,              n_estimators=100, presort='auto', random_state=None,              subsample=1.0, verbose=0, warm_start=False)","{'learning_rate': 0.1, 'max_depth': 5, 'n_estimators': 10, 'subsample': 0.1}",0.824449262,0.4368,0.323733333,0.218533333
GB,"GradientBoostingClassifier(criterion='friedman_mse', init=None,              learning_rate=0.5, loss='deviance', max_depth=50,              max_features=None, max_leaf_nodes=None,              min_impurity_split=1e-07, min_samples_leaf=1,              min_samples_split=2, min_weight_fraction_leaf=0.0,              n_estimators=100, presort='auto', random_state=None,              subsample=1.0, verbose=0, warm_start=False)","{'learning_rate': 0.1, 'max_depth': 5, 'n_estimators': 10, 'subsample': 0.5}",0.826454125,0.451733333,0.3336,0.2228
GB,"GradientBoostingClassifier(criterion='friedman_mse', init=None,              learning_rate=0.5, loss='deviance', max_depth=50,              max_features=None, max_leaf_nodes=None,              min_impurity_split=1e-07, min_samples_leaf=1,              min_samples_split=2, min_weight_fraction_leaf=0.0,              n_estimators=100, presort='auto', random_state=None,              subsample=1.0, verbose=0, warm_start=False)","{'learning_rate': 0.1, 'max_depth': 5, 'n_estimators': 10, 'subsample': 1.0}",0.826132509,0.4544,0.325866667,0.224933333
GB,"GradientBoostingClassifier(criterion='friedman_mse', init=None,              learning_rate=0.5, loss='deviance', max_depth=50,              max_features=None, max_leaf_nodes=None,              min_impurity_split=1e-07, min_samples_leaf=1,              min_samples_split=2, min_weight_fraction_leaf=0.0,              n_estimators=100, presort='auto', random_state=None,              subsample=1.0, verbose=0, warm_start=False)","{'learning_rate': 0.1, 'max_depth': 5, 'n_estimators': 100, 'subsample': 0.1}",0.825122655,0.4272,0.312533333,0.220266667
GB,"GradientBoostingClassifier(criterion='friedman_mse', init=None,              learning_rate=0.5, loss='deviance', max_depth=50,              max_features=None, max_leaf_nodes=None,              min_impurity_split=1e-07, min_samples_leaf=1,              min_samples_split=2, min_weight_fraction_leaf=0.0,              n_estimators=100, presort='auto', random_state=None,              subsample=1.0, verbose=0, warm_start=False)","{'learning_rate': 0.1, 'max_depth': 5, 'n_estimators': 100, 'subsample': 0.5}",0.829088646,0.448533333,0.321866667,0.224933333
GB,"GradientBoostingClassifier(criterion='friedman_mse', init=None,              learning_rate=0.5, loss='deviance', max_depth=50,              max_features=None, max_leaf_nodes=None,              min_impurity_split=1e-07, min_samples_leaf=1,              min_samples_split=2, min_weight_fraction_leaf=0.0,              n_estimators=100, presort='auto', random_state=None,              subsample=1.0, verbose=0, warm_start=False)","{'learning_rate': 0.1, 'max_depth': 5, 'n_estimators': 100, 'subsample': 1.0}",0.830077624,0.443733333,0.324,0.223733333
GB,"GradientBoostingClassifier(criterion='friedman_mse', init=None,              learning_rate=0.5, loss='deviance', max_depth=50,              max_features=None, max_leaf_nodes=None,              min_impurity_split=1e-07, min_samples_leaf=1,              min_samples_split=2, min_weight_fraction_leaf=0.0,              n_estimators=100, presort='auto', random_state=None,              subsample=1.0, verbose=0, warm_start=False)","{'learning_rate': 0.1, 'max_depth': 50, 'n_estimators': 10, 'subsample': 0.1}",0.681764944,0.245333333,0.2104,0.161333333
GB,"GradientBoostingClassifier(criterion='friedman_mse', init=None,              learning_rate=0.5, loss='deviance', max_depth=50,              max_features=None, max_leaf_nodes=None,              min_impurity_split=1e-07, min_samples_leaf=1,              min_samples_split=2, min_weight_fraction_leaf=0.0,              n_estimators=100, presort='auto', random_state=None,              subsample=1.0, verbose=0, warm_start=False)","{'learning_rate': 0.1, 'max_depth': 50, 'n_estimators': 10, 'subsample': 0.5}",0.709199412,0.306666667,0.240533333,0.184133333
GB,"GradientBoostingClassifier(criterion='friedman_mse', init=None,              learning_rate=0.5, loss='deviance', max_depth=50,              max_features=None, max_leaf_nodes=None,              min_impurity_split=1e-07, min_samples_leaf=1,              min_samples_split=2, min_weight_fraction_leaf=0.0,              n_estimators=100, presort='auto', random_state=None,              subsample=1.0, verbose=0, warm_start=False)","{'learning_rate': 0.1, 'max_depth': 50, 'n_estimators': 10, 'subsample': 1.0}",0.638361553,0.246933333,0.216,0.122666667
GB,"GradientBoostingClassifier(criterion='friedman_mse', init=None,              learning_rate=0.5, loss='deviance', max_depth=50,              max_features=None, max_leaf_nodes=None,              min_impurity_split=1e-07, min_samples_leaf=1,              min_samples_split=2, min_weight_fraction_leaf=0.0,              n_estimators=100, presort='auto', random_state=None,              subsample=1.0, verbose=0, warm_start=False)","{'learning_rate': 0.1, 'max_depth': 50, 'n_estimators': 100, 'subsample': 0.1}",0.568171431,0.1888,0.194666667,0.145066667
GB,"GradientBoostingClassifier(criterion='friedman_mse', init=None,              learning_rate=0.5, loss='deviance', max_depth=50,              max_features=None, max_leaf_nodes=None,              min_impurity_split=1e-07, min_samples_leaf=1,              min_samples_split=2, min_weight_fraction_leaf=0.0,              n_estimators=100, presort='auto', random_state=None,              subsample=1.0, verbose=0, warm_start=False)","{'learning_rate': 0.1, 'max_depth': 50, 'n_estimators': 100, 'subsample': 0.5}",0.777112849,0.366933333,0.278666667,0.1968
GB,"GradientBoostingClassifier(criterion='friedman_mse', init=None,              learning_rate=0.5, loss='deviance', max_depth=50,              max_features=None, max_leaf_nodes=None,              min_impurity_split=1e-07, min_samples_leaf=1,              min_samples_split=2, min_weight_fraction_leaf=0.0,              n_estimators=100, presort='auto', random_state=None,              subsample=1.0, verbose=0, warm_start=False)","{'learning_rate': 0.1, 'max_depth': 50, 'n_estimators': 100, 'subsample': 1.0}",0.789586624,0.2576,0.2176,0.198266667
GB,"GradientBoostingClassifier(criterion='friedman_mse', init=None,              learning_rate=0.5, loss='deviance', max_depth=50,              max_features=None, max_leaf_nodes=None,              min_impurity_split=1e-07, min_samples_leaf=1,              min_samples_split=2, min_weight_fraction_leaf=0.0,              n_estimators=100, presort='auto', random_state=None,              subsample=1.0, verbose=0, warm_start=False)","{'learning_rate': 0.5, 'max_depth': 5, 'n_estimators': 10, 'subsample': 0.1}",0.805550706,0.395733333,0.294666667,0.216133333
GB,"GradientBoostingClassifier(criterion='friedman_mse', init=None,              learning_rate=0.5, loss='deviance', max_depth=50,              max_features=None, max_leaf_nodes=None,              min_impurity_split=1e-07, min_samples_leaf=1,              min_samples_split=2, min_weight_fraction_leaf=0.0,              n_estimators=100, presort='auto', random_state=None,              subsample=1.0, verbose=0, warm_start=False)","{'learning_rate': 0.5, 'max_depth': 5, 'n_estimators': 10, 'subsample': 0.5}",0.826374479,0.4352,0.32,0.2204
GB,"GradientBoostingClassifier(criterion='friedman_mse', init=None,              learning_rate=0.5, loss='deviance', max_depth=50,              max_features=None, max_leaf_nodes=None,              min_impurity_split=1e-07, min_samples_leaf=1,              min_samples_split=2, min_weight_fraction_leaf=0.0,              n_estimators=100, presort='auto', random_state=None,              subsample=1.0, verbose=0, warm_start=False)","{'learning_rate': 0.5, 'max_depth': 5, 'n_estimators': 10, 'subsample': 1.0}",0.828997987,0.442666667,0.32,0.2252
GB,"GradientBoostingClassifier(criterion='friedman_mse', init=None,              learning_rate=0.5, loss='deviance', max_depth=50,              max_features=None, max_leaf_nodes=None,              min_impurity_split=1e-07, min_samples_leaf=1,              min_samples_split=2, min_weight_fraction_leaf=0.0,              n_estimators=100, presort='auto', random_state=None,              subsample=1.0, verbose=0, warm_start=False)","{'learning_rate': 0.5, 'max_depth': 5, 'n_estimators': 100, 'subsample': 0.1}",0.722891015,0.3472,0.257866667,0.186933333
GB,"GradientBoostingClassifier(criterion='friedman_mse', init=None,              learning_rate=0.5, loss='deviance', max_depth=50,              max_features=None, max_leaf_nodes=None,              min_impurity_split=1e-07, min_samples_leaf=1,              min_samples_split=2, min_weight_fraction_leaf=0.0,              n_estimators=100, presort='auto', random_state=None,              subsample=1.0, verbose=0, warm_start=False)","{'learning_rate': 0.5, 'max_depth': 5, 'n_estimators': 100, 'subsample': 0.5}",0.819532435,0.4048,0.304,0.220266667
GB,"GradientBoostingClassifier(criterion='friedman_mse', init=None,              learning_rate=0.5, loss='deviance', max_depth=50,              max_features=None, max_leaf_nodes=None,              min_impurity_split=1e-07, min_samples_leaf=1,              min_samples_split=2, min_weight_fraction_leaf=0.0,              n_estimators=100, presort='auto', random_state=None,              subsample=1.0, verbose=0, warm_start=False)","{'learning_rate': 0.5, 'max_depth': 5, 'n_estimators': 100, 'subsample': 1.0}",0.821557343,0.420266667,0.309066667,0.218666667
GB,"GradientBoostingClassifier(criterion='friedman_mse', init=None,              learning_rate=0.5, loss='deviance', max_depth=50,              max_features=None, max_leaf_nodes=None,              min_impurity_split=1e-07, min_samples_leaf=1,              min_samples_split=2, min_weight_fraction_leaf=0.0,              n_estimators=100, presort='auto', random_state=None,              subsample=1.0, verbose=0, warm_start=False)","{'learning_rate': 0.5, 'max_depth': 50, 'n_estimators': 10, 'subsample': 0.1}",0.484789839,0.220266667,0.1496,0.112
GB,"GradientBoostingClassifier(criterion='friedman_mse', init=None,              learning_rate=0.5, loss='deviance', max_depth=50,              max_features=None, max_leaf_nodes=None,              min_impurity_split=1e-07, min_samples_leaf=1,              min_samples_split=2, min_weight_fraction_leaf=0.0,              n_estimators=100, presort='auto', random_state=None,              subsample=1.0, verbose=0, warm_start=False)","{'learning_rate': 0.5, 'max_depth': 50, 'n_estimators': 10, 'subsample': 0.5}",0.58773285,0.2144,0.190666667,0.150933333
GB,"GradientBoostingClassifier(criterion='friedman_mse', init=None,              learning_rate=0.5, loss='deviance', max_depth=50,              max_features=None, max_leaf_nodes=None,              min_impurity_split=1e-07, min_samples_leaf=1,              min_samples_split=2, min_weight_fraction_leaf=0.0,              n_estimators=100, presort='auto', random_state=None,              subsample=1.0, verbose=0, warm_start=False)","{'learning_rate': 0.5, 'max_depth': 50, 'n_estimators': 10, 'subsample': 1.0}",0.56861248,0.289066667,0.202933333,0.148
GB,"GradientBoostingClassifier(criterion='friedman_mse', init=None,              learning_rate=0.5, loss='deviance', max_depth=50,              max_features=None, max_leaf_nodes=None,              min_impurity_split=1e-07, min_samples_leaf=1,              min_samples_split=2, min_weight_fraction_leaf=0.0,              n_estimators=100, presort='auto', random_state=None,              subsample=1.0, verbose=0, warm_start=False)","{'learning_rate': 0.5, 'max_depth': 50, 'n_estimators': 100, 'subsample': 0.1}",0.480473184,0.272,0.136,0.107333333
GB,"GradientBoostingClassifier(criterion='friedman_mse', init=None,              learning_rate=0.5, loss='deviance', max_depth=50,              max_features=None, max_leaf_nodes=None,              min_impurity_split=1e-07, min_samples_leaf=1,              min_samples_split=2, min_weight_fraction_leaf=0.0,              n_estimators=100, presort='auto', random_state=None,              subsample=1.0, verbose=0, warm_start=False)","{'learning_rate': 0.5, 'max_depth': 50, 'n_estimators': 100, 'subsample': 0.5}",0.592165062,0.237333333,0.193333333,0.1472
GB,"GradientBoostingClassifier(criterion='friedman_mse', init=None,              learning_rate=0.5, loss='deviance', max_depth=50,              max_features=None, max_leaf_nodes=None,              min_impurity_split=1e-07, min_samples_leaf=1,              min_samples_split=2, min_weight_fraction_leaf=0.0,              n_estimators=100, presort='auto', random_state=None,              subsample=1.0, verbose=0, warm_start=False)","{'learning_rate': 0.5, 'max_depth': 50, 'n_estimators': 100, 'subsample': 1.0}",0.766136951,0.3024,0.213066667,0.185866667
LR,"LogisticRegression(C=10, class_weight=None, dual=False, fit_intercept=True,          intercept_scaling=1, max_iter=100, multi_class='ovr', n_jobs=1,          penalty='l2', random_state=None, solver='liblinear', tol=0.0001,          verbose=0, warm_start=False)","{'C': 1e-05, 'penalty': 'l1'}",0.634356674,0.110933333,0.113066667,0.105466667
LR,"LogisticRegression(C=10, class_weight=None, dual=False, fit_intercept=True,          intercept_scaling=1, max_iter=100, multi_class='ovr', n_jobs=1,          penalty='l2', random_state=None, solver='liblinear', tol=0.0001,          verbose=0, warm_start=False)","{'C': 1e-05, 'penalty': 'l2'}",0.641818666,0.129066667,0.1224,0.109333333
LR,"LogisticRegression(C=10, class_weight=None, dual=False, fit_intercept=True,          intercept_scaling=1, max_iter=100, multi_class='ovr', n_jobs=1,          penalty='l2', random_state=None, solver='liblinear', tol=0.0001,          verbose=0, warm_start=False)","{'C': 0.001, 'penalty': 'l1'}",0.643221492,0.1328,0.122666667,0.109866667
LR,"LogisticRegression(C=10, class_weight=None, dual=False, fit_intercept=True,          intercept_scaling=1, max_iter=100, multi_class='ovr', n_jobs=1,          penalty='l2', random_state=None, solver='liblinear', tol=0.0001,          verbose=0, warm_start=False)","{'C': 0.001, 'penalty': 'l2'}",0.644309239,0.135466667,0.123733333,0.1104
LR,"LogisticRegression(C=10, class_weight=None, dual=False, fit_intercept=True,          intercept_scaling=1, max_iter=100, multi_class='ovr', n_jobs=1,          penalty='l2', random_state=None, solver='liblinear', tol=0.0001,          verbose=0, warm_start=False)","{'C': 0.1, 'penalty': 'l1'}",0.649535709,0.139733333,0.1256,0.1136
LR,"LogisticRegression(C=10, class_weight=None, dual=False, fit_intercept=True,          intercept_scaling=1, max_iter=100, multi_class='ovr', n_jobs=1,          penalty='l2', random_state=None, solver='liblinear', tol=0.0001,          verbose=0, warm_start=False)","{'C': 0.1, 'penalty': 'l2'}",0.64934054,0.1392,0.125066667,0.113466667
LR,"LogisticRegression(C=10, class_weight=None, dual=False, fit_intercept=True,          intercept_scaling=1, max_iter=100, multi_class='ovr', n_jobs=1,          penalty='l2', random_state=None, solver='liblinear', tol=0.0001,          verbose=0, warm_start=False)","{'C': 1, 'penalty': 'l1'}",0.649427841,0.139733333,0.125066667,0.113466667
LR,"LogisticRegression(C=10, class_weight=None, dual=False, fit_intercept=True,          intercept_scaling=1, max_iter=100, multi_class='ovr', n_jobs=1,          penalty='l2', random_state=None, solver='liblinear', tol=0.0001,          verbose=0, warm_start=False)","{'C': 1, 'penalty': 'l2'}",0.649351581,0.1392,0.125066667,0.113466667
LR,"LogisticRegression(C=10, class_weight=None, dual=False, fit_intercept=True,          intercept_scaling=1, max_iter=100, multi_class='ovr', n_jobs=1,          penalty='l2', random_state=None, solver='liblinear', tol=0.0001,          verbose=0, warm_start=False)","{'C': 10, 'penalty': 'l1'}",0.649418652,0.139733333,0.125066667,0.113466667
LR,"LogisticRegression(C=10, class_weight=None, dual=False, fit_intercept=True,          intercept_scaling=1, max_iter=100, multi_class='ovr', n_jobs=1,          penalty='l2', random_state=None, solver='liblinear', tol=0.0001,          verbose=0, warm_start=False)","{'C': 10, 'penalty': 'l2'}",0.649352312,0.1392,0.125066667,0.113466667
NB,GaussianNB(priors=None),{},0.663013182,0.226666667,0.1656,0.127733333